source	target	status_interaction
65224	60850	Known
65201	60872	Known
65201	65201	New
65201	61018	Known
65201	61016	Known
65201	61014	Known
65196	65196	Known
65196	65198	New
65196	60921	Known
65181	61018	Known
65181	61016	Known
65181	61014	Known
65181	60214	Known
65181	60212	Known
65181	60210	Known
65181	60208	Known
65181	60206	Known
65181	60204	Known
65181	60202	Known
65181	60200	Known
65181	60198	Known
65181	60196	Known
65181	63305	Known
65172	61411	Known
65172	61409	Known
65172	61407	Known
65172	61405	Known
65172	60642	Known
65172	60640	Known
65172	60638	Known
65172	60636	Known
64635	65162	Known
64635	65160	New
64635	65158	Known
64635	65156	Known
64635	60170	New
64635	65153	Known
64635	65151	Known
64635	65149	Known
64635	62060	Known
64635	63814	Known
64635	63543	New
64635	65144	Known
64635	61489	New
64635	62884	Known
64635	62882	Known
64635	62459	Known
64635	65138	Known
64635	60226	New
64635	60974	New
64635	65134	Known
64635	65132	Known
64635	60870	Known
64635	60866	New
64635	65128	New
64635	60224	New
64635	62016	Known
64635	60220	New
64635	60218	New
64635	65122	Known
64635	65120	Known
64635	61454	New
64635	65117	New
64635	65115	Known
64635	60848	Known
64635	65112	Known
64635	65110	New
64635	65108	Known
64635	65106	Known
64635	64635	Known
64635	65103	New
64635	61639	New
64635	65100	Known
64635	65098	Known
64635	65096	New
64635	65094	New
64635	65092	New
64635	65090	New
64635	62445	Known
64635	62443	Known
64635	64588	New
64635	61436	New
64635	61434	New
64635	64566	New
64635	64547	New
64635	64545	New
64635	64543	New
64635	64531	Known
64635	64516	Known
64635	60950	Known
64635	60948	Known
64635	64399	New
64635	64400	New
64635	65073	New
64635	65071	New
64635	62812	New
64635	65068	New
64635	60168	Known
64635	60166	New
64635	60164	Known
64635	61020	Known
64635	64624	New
64635	65061	Known
64635	63509	Known
64635	63507	Known
64635	65057	New
64635	65055	Known
64635	65053	Known
64635	65051	New
64635	65049	Known
64635	65047	New
64635	65045	New
64635	65043	Known
64635	64622	Known
64635	64620	Known
64635	64618	Known
64635	65038	New
64635	65036	New
64635	65034	New
64635	64281	New
64635	64279	New
64635	61953	Known
64635	63504	New
64635	65028	Known
64635	65026	Known
64635	63998	Known
64635	63996	Known
64635	63994	Known
64635	63992	Known
64635	63990	Known
64635	63988	Known
64635	63986	Known
64635	63968	Known
64635	65016	Known
64635	62790	Known
64635	61577	New
64635	65012	New
64635	65010	Known
64635	63492	Known
64635	63490	Known
64635	60736	Known
64635	65005	New
64635	63481	New
64635	64615	New
64635	65001	Known
64635	64999	Known
64635	64997	Known
64635	64995	Known
64635	64993	Known
64635	61367	New
64635	61365	New
64635	64989	New
64635	61363	New
64635	64986	New
64635	64984	New
64635	64982	New
64635	64980	New
64635	62375	New
64635	64114	Known
64635	64112	Known
64635	64258	Known
64635	64256	Known
64635	61886	Known
64635	61884	Known
64635	61882	Known
64635	61880	Known
64635	61336	New
64635	61334	Known
64635	61332	Known
64635	61330	Known
64635	60194	New
64635	64249	New
64635	64963	New
64635	62166	New
64635	62164	New
64635	62162	New
64635	62160	New
64635	62158	New
64635	62156	New
64635	62154	New
64635	60686	Known
64635	60684	Known
64635	60682	Known
64635	62350	Known
64635	64950	New
64635	64948	Known
64635	64946	Known
64635	64944	Known
64635	64942	Known
64635	62736	Known
64635	64939	Known
64635	64937	Known
64635	64935	Known
64635	63468	New
64635	63350	Known
64635	63348	Known
64635	64930	Known
64635	63747	Known
64635	64927	Known
64635	64925	Known
64635	64923	Known
64635	61575	New
64635	61573	New
64635	64919	New
64635	64917	Known
64635	64915	Known
64635	62709	Known
64635	62707	New
64635	61571	New
64635	62704	New
64635	62702	New
64635	62700	Known
64635	64241	New
64635	60668	New
64635	60666	New
64635	60664	New
64635	60662	New
64635	63441	Known
64635	63982	Known
64635	60650	New
64635	64899	New
64635	64897	Known
64635	64895	Known
64635	61286	New
64635	61284	New
64635	61279	Known
64635	61277	Known
64635	64889	Known
64635	64887	Known
64635	63414	New
64635	63412	New
64635	63410	New
64635	63109	New
64635	63107	New
64635	63105	New
64635	63103	New
64635	63101	New
64635	63099	New
64635	63097	New
64635	64237	New
64635	60604	New
64635	60600	Known
64635	64872	Known
64635	64870	Known
64635	64868	Known
64635	60594	New
64635	61259	Known
64635	61002	Known
64635	61000	Known
64635	63031	New
64635	60248	New
64635	61227	Known
64635	64859	Known
64635	64857	Known
64635	64855	Known
64635	64853	Known
64635	62145	New
64635	62143	New
64635	62141	Known
64635	62139	Known
64635	62137	Known
64635	64846	Known
64635	63002	Known
64635	64843	Known
64635	61223	New
64635	61542	New
64635	63069	Known
64635	63067	Known
64635	63065	Known
64635	64836	New
64635	64834	New
64635	64832	Known
64635	64830	Known
64635	64828	Known
64635	64826	New
64635	62302	Known
64635	64823	Known
64635	64821	Known
64635	63394	Known
64635	63049	Known
64635	63047	Known
64635	63045	Known
64635	61171	Known
64635	63975	Known
64635	63973	Known
64635	63971	Known
64635	63969	Known
64635	62905	Known
64635	64809	Known
64635	64807	Known
64635	61169	Known
64635	60495	Known
64635	60493	Known
64635	64160	New
64635	64801	New
64635	62131	New
64635	62129	New
64635	62127	New
64635	62125	New
64635	62123	New
64635	64794	Known
64635	64792	Known
64635	64790	Known
64635	64788	New
64635	61161	New
64635	61159	New
64635	61157	New
64635	63137	New
64635	63135	New
64635	64781	Known
64635	62607	New
64635	64778	Known
64635	64776	Known
64635	62273	Known
64635	62271	Known
64635	62269	Known
64635	62267	Known
64635	62580	Known
64635	62578	Known
64635	64768	Known
64635	64766	Known
64635	64764	Known
64635	64762	Known
64635	62576	Known
64635	60470	Known
64635	60468	Known
64635	64211	Known
64635	61130	Known
64635	61612	New
64635	61610	New
64635	64753	Known
64635	64751	Known
64635	60466	New
64635	60464	Known
64635	60176	New
64635	60174	New
64635	64745	New
64635	64743	New
64635	64741	New
64635	64739	Known
64635	64737	Known
64635	64735	Known
64635	64733	Known
64635	61103	Known
64635	61101	Known
64635	62542	New
64635	60406	Known
64635	60404	Known
64635	60402	Known
64635	63651	Known
64635	60394	Known
64635	60388	New
64635	62538	Known
64635	61507	New
64635	61026	New
64635	60980	New
64635	60978	New
64635	60976	Known
64635	62232	Known
64635	64591	Known
64635	64714	Known
64635	64712	Known
64635	64710	Known
64635	64708	New
64635	61522	Known
64635	64705	New
64635	64703	New
64635	64701	New
64635	64699	Known
64635	64697	Known
64635	63635	Known
64635	63633	Known
64635	63631	Known
64635	64692	Known
64635	64690	Known
64635	64688	Known
64635	64686	Known
64635	64684	New
64635	61080	New
64635	64681	New
64635	60907	New
64635	60905	New
64635	60361	Known
64635	64676	New
64635	60353	Known
64635	60351	Known
64635	60349	Known
64635	60347	Known
64635	60345	Known
64635	60343	Known
64635	60341	Known
64635	60339	Known
64635	60337	Known
64635	60335	Known
64635	60333	Known
64635	60331	Known
64635	64662	Known
64635	64660	Known
64635	64658	Known
64635	61048	Known
64635	60313	New
64635	60311	New
64635	60307	New
64635	60305	New
64635	64651	New
64635	64187	New
64635	64185	New
64635	60287	New
64635	60283	New
64635	64645	Known
64635	64643	Known
64635	62484	Known
64635	60281	Known
64635	60279	Known
64635	60277	Known
64635	60162	New
64635	60160	Known
64635	60158	Known
64588	60170	New
64588	64588	Known
64588	60168	Known
64588	60166	New
64588	60164	Known
64588	61020	New
64588	64624	New
64588	64622	Known
64588	64620	Known
64588	64618	Known
64588	63481	Known
64588	64615	Known
64588	64241	Known
64588	62994	Known
64588	64237	Known
64588	60604	Known
64588	62592	Known
64588	64608	Known
64588	64606	Known
64588	64604	Known
64588	64602	Known
64588	61118	New
64588	61116	Known
64588	61717	Known
64588	64158	New
64588	64596	Known
64588	64594	Known
64588	63651	New
64588	64591	New
64588	64187	Known
64588	64185	Known
64419	60228	Known
64419	64585	Known
64419	64583	Known
64419	64581	Known
64419	64579	Known
64419	64577	New
64419	64575	Known
64419	64419	Known
64419	64572	Known
64419	61436	Known
64419	61434	Known
64419	64568	Known
64419	64566	Known
64419	64564	Known
64419	64562	Known
64419	62182	Known
64419	64559	Known
64419	60956	Known
64419	60954	Known
64419	60952	Known
64419	64554	Known
64419	64552	Known
64419	64550	Known
64419	60216	Known
64419	64547	Known
64419	64545	Known
64419	64543	Known
64419	64541	Known
64419	64539	Known
64419	64537	Known
64419	64535	Known
64419	64533	Known
64419	64531	Known
64419	62428	New
64419	64528	Known
64419	64526	Known
64419	64524	Known
64419	64522	Known
64419	64520	Known
64419	64518	Known
64419	64516	Known
64419	64514	Known
64419	60950	Known
64419	60948	Known
64419	64510	Known
64419	64508	Known
64419	64506	Known
64419	64504	Known
64419	64502	Known
64419	64500	Known
64419	64498	Known
64419	64496	Known
64419	64494	Known
64419	64492	Known
64419	64490	Known
64419	64488	Known
64419	64486	Known
64419	61340	Known
64419	61338	Known
64419	64482	Known
64419	60624	Known
64419	64479	Known
64419	64477	Known
64419	64475	Known
64419	64473	Known
64419	64471	Known
64419	64469	Known
64419	61161	Known
64419	63673	New
64419	63671	New
64419	63669	New
64419	63667	Known
64419	64462	New
64419	64460	New
64419	64458	New
64419	64456	Known
64419	64454	New
64419	64452	Known
64419	64450	Known
64419	64448	Known
64419	64446	Known
64419	64444	Known
64419	64442	Known
64419	64440	Known
64419	63380	New
64419	63378	Known
64419	64436	New
64419	64434	New
64419	64432	New
64419	64430	New
64419	64428	New
64419	64426	Known
64419	60925	Known
64419	64423	Known
64419	63611	New
64419	63609	Known
64419	63607	Known
64403	64417	New
64403	62798	New
64403	62160	New
64403	60265	Known
64403	60263	Known
64403	60261	Known
64403	60259	Known
64403	60257	Known
64403	60255	Known
64403	60253	Known
64403	64406	New
64403	63305	Known
64403	61150	New
64399	64399	New
64399	64400	New
64347	60228	Known
64347	60964	Known
64347	60872	Known
64347	60974	Known
64347	60918	Known
64347	60962	Known
64347	60960	Known
64347	60958	Known
64347	60956	Known
64347	60954	Known
64347	60952	Known
64347	60216	Known
64347	60950	Known
64347	60948	Known
64347	61421	Known
64347	61419	Known
64347	60214	Known
64347	60212	Known
64347	60210	Known
64347	60208	Known
64347	60206	Known
64347	60204	Known
64347	60202	Known
64347	60200	Known
64347	60198	Known
64347	60196	Known
64347	60642	Known
64347	60640	Known
64347	60638	Known
64347	60636	Known
64347	60188	Known
64347	60186	Known
64347	60184	Known
64347	60182	Known
64347	60180	Known
64347	60178	Known
64347	60265	Known
64347	60263	Known
64347	60261	Known
64347	60259	Known
64347	60257	Known
64347	60255	Known
64347	60253	Known
64347	63305	Known
64347	60925	Known
64347	60970	Known
64347	60900	Known
64347	60911	Known
64347	60909	Known
64347	60921	Known
64343	64341	New
64343	64339	New
64343	64337	New
64337	64341	New
64337	64339	New
64337	64337	New
64325	60962	Known
64325	60960	Known
64325	60958	Known
64325	64325	New
64325	61159	New
64325	60477	Known
64325	60233	Known
64325	60474	Known
64325	60472	Known
64325	64326	New
64323	64301	New
64299	61421	Known
64299	61419	Known
64299	61856	Known
64299	60642	Known
64299	60640	Known
64299	60638	Known
64299	60636	Known
64299	60925	Known
64178	64323	Known
64178	63080	Known
64178	61483	Known
64178	61481	Known
64178	64318	Known
64178	60876	Known
64178	60226	New
64178	64314	Known
64178	60864	Known
64178	60862	Known
64178	60860	Known
64178	60858	Known
64178	60856	Known
64178	60854	Known
64178	60852	Known
64178	60220	Known
64178	60218	Known
64178	60842	Known
64178	60840	Known
64178	64301	Known
64178	64299	New
64178	63516	New
64178	64296	Known
64178	64294	New
64178	64292	Known
64178	64290	Known
64178	64178	Known
64178	64287	Known
64178	64285	Known
64178	64283	Known
64178	64281	New
64178	64279	New
64178	60766	Known
64178	60764	Known
64178	60762	Known
64178	60760	Known
64178	60758	Known
64178	60756	Known
64178	60754	Known
64178	63968	Known
64178	63965	Known
64178	64268	Known
64178	63077	Known
64178	61385	Known
64178	61383	Known
64178	60208	New
64178	64262	Known
64178	64260	Known
64178	64258	Known
64178	64256	Known
64178	61886	Known
64178	61884	Known
64178	61882	Known
64178	61880	Known
64178	60194	New
64178	64249	Known
64178	64247	Known
64178	64245	Known
64178	64243	Known
64178	64241	Known
64178	64239	Known
64178	64237	Known
64178	60604	Known
64178	62312	New
64178	61798	Known
64178	64232	Known
64178	64230	Known
64178	60529	Known
64178	60527	Known
64178	60525	Known
64178	60523	Known
64178	60521	Known
64178	60519	Known
64178	60517	Known
64178	60515	Known
64178	60513	Known
64178	60511	Known
64178	61183	Known
64178	61181	Known
64178	61179	Known
64178	61177	Known
64178	62273	New
64178	61138	Known
64178	61136	Known
64178	64211	Known
64178	60176	New
64178	60174	New
64178	60462	New
64178	60460	Known
64178	60458	Known
64178	60456	Known
64178	60454	Known
64178	60452	Known
64178	60450	Known
64178	60448	Known
64178	60446	Known
64178	60444	Known
64178	61608	Known
64178	61606	Known
64178	61604	Known
64178	63261	New
64178	63629	New
64178	64192	New
64178	64190	Known
64178	61036	New
64178	64187	Known
64178	64185	Known
64178	64183	Known
64178	64181	Known
64178	64179	Known
64155	63041	New
64155	64175	New
64155	63037	New
64155	64172	New
64155	64170	New
64155	64168	Known
64155	64166	New
64155	64164	New
64155	64162	Known
64155	64160	Known
64155	64158	New
64155	64156	Known
64074	62891	Known
64074	64145	Known
64074	64143	Known
64074	64141	Known
64074	61491	Known
64074	64138	Known
64074	64136	Known
64074	60918	Known
64074	61466	New
64074	60224	Known
64074	60222	Known
64074	64130	Known
64074	64074	Known
64074	64127	Known
64074	62795	Known
64074	64124	Known
64074	64122	Known
64074	64120	Known
64074	62377	Known
64074	62375	Known
64074	63583	New
64074	63907	Known
64074	64114	Known
64074	64112	Known
64074	64110	Known
64074	61301	Known
64074	64107	Known
64074	60560	Known
64074	61223	New
64074	61221	New
64074	61219	Known
64074	61217	Known
64074	60545	Known
64074	60543	Known
64074	60541	Known
64074	60539	Known
64074	60537	Known
64074	64095	Known
64074	64093	Known
64074	62290	Known
64074	62281	Known
64074	62279	Known
64074	62273	Known
64074	62271	Known
64074	62269	Known
64074	62267	Known
64074	60916	Known
64074	60914	Known
64074	60900	Known
64074	60911	Known
64074	60909	Known
64074	60907	New
64074	60905	Known
64074	60903	Known
64074	60901	Known
64074	64075	Known
63984	63998	Known
63984	63996	Known
63984	63994	Known
63984	63992	Known
63984	63990	Known
63984	63988	Known
63984	63986	Known
63984	63984	Known
63968	63982	Known
63968	63980	Known
63968	63978	Known
63968	61171	Known
63968	63975	Known
63968	63973	Known
63968	63971	Known
63968	63969	Known
63965	63080	New
63965	63077	New
63963	63963	New
63961	63537	New
63959	63959	New
63831	63945	Known
63831	62996	New
63831	63942	Known
63831	63940	Known
63831	60866	Known
63831	63937	Known
63831	63935	Known
63831	63933	Known
63831	63931	Known
63831	63929	New
63831	63927	New
63831	63925	New
63831	63923	New
63831	63921	New
63831	63919	New
63831	63917	Known
63831	63915	Known
63831	63913	Known
63831	63831	Known
63831	63910	Known
63831	63583	New
63831	63907	Known
63831	61319	Known
63831	61317	Known
63831	63903	New
63831	63901	Known
63831	63899	Known
63831	63897	New
63831	61565	New
63831	61563	New
63831	61561	New
63831	61559	New
63831	61557	New
63831	61555	New
63831	61553	New
63831	61551	New
63831	61549	New
63831	61547	New
63831	60658	New
63831	63884	Known
63831	63882	New
63831	63880	New
63831	63878	Known
63831	63876	Known
63831	63874	Known
63831	63035	Known
63831	63871	Known
63831	63869	Known
63831	63867	Known
63831	63865	Known
63831	63863	Known
63831	63861	New
63831	63859	New
63831	61211	New
63831	61203	Known
63831	62992	New
63831	62990	New
63831	62988	New
63831	62986	New
63831	62984	New
63831	62982	Known
63831	63849	New
63831	63847	New
63831	63845	New
63831	63843	Known
63831	63841	Known
63831	63839	Known
63831	60295	Known
63831	60293	Known
63831	60291	Known
63831	60289	Known
63831	60287	Known
63831	60285	Known
63831	60283	Known
63824	60888	New
63824	63828	New
63824	60742	New
63824	60740	New
63824	62938	New
63583	63584	New
63581	63581	New
63576	63576	New
63571	63574	New
63571	63571	New
63571	61286	New
63550	60918	New
63550	61421	Known
63550	61419	Known
63550	63550	New
63550	63563	New
63550	63561	New
63550	62273	Known
63550	62271	Known
63550	62269	Known
63550	62267	Known
63550	60923	Known
63550	63554	Known
63550	60900	New
63550	60911	New
63550	60909	New
63350	60894	Known
63350	60888	New
63350	61502	Known
63350	63545	Known
63350	63543	New
63350	60886	New
63350	62996	New
63350	60882	Known
63350	60880	Known
63350	63537	New
63350	62046	New
63350	63534	New
63350	61474	Known
63350	61472	Known
63350	62042	Known
63350	63529	Known
63350	63527	Known
63350	60224	New
63350	60222	New
63350	60220	New
63350	60218	New
63350	61454	Known
63350	60844	New
63350	60824	New
63350	63518	New
63350	63516	New
63350	61977	Known
63350	61975	Known
63350	61973	Known
63350	61971	Known
63350	61969	Known
63350	63509	New
63350	63507	New
63350	60782	Known
63350	63504	Known
63350	60742	New
63350	60740	New
63350	62938	New
63350	63499	New
63350	63497	New
63350	61577	New
63350	63494	New
63350	63492	New
63350	63490	New
63350	61387	Known
63350	63487	Known
63350	63485	Known
63350	60716	New
63350	60714	New
63350	63481	New
63350	63479	Known
63350	63477	Known
63350	63475	Known
63350	63473	New
63350	62375	New
63350	63470	New
63350	63468	Known
63350	63466	New
63350	63464	New
63350	63462	New
63350	63460	New
63350	63350	Known
63350	63348	Known
63350	63456	New
63350	63454	New
63350	62707	New
63350	61571	New
63350	62704	New
63350	62702	New
63350	62700	New
63350	63447	New
63350	60668	New
63350	60666	New
63350	60664	New
63350	60662	New
63350	63441	New
63350	63439	Known
63350	63437	Known
63350	63435	Known
63350	63433	Known
63350	63431	Known
63350	63429	Known
63350	63000	New
63350	63205	New
63350	63425	Known
63350	63423	Known
63350	60180	New
63350	63420	Known
63350	63418	Known
63350	63416	Known
63350	63414	New
63350	63412	New
63350	63410	Known
63350	63109	New
63350	63107	New
63350	63105	New
63350	63103	New
63350	63101	New
63350	63099	New
63350	63097	Known
63350	63002	New
63350	60261	New
63350	60259	New
63350	61542	New
63350	61209	New
63350	62990	New
63350	61181	New
63350	63394	New
63350	60499	Known
63350	60497	Known
63350	63135	New
63350	62580	New
63350	62578	New
63350	61725	New
63350	63386	New
63350	63384	New
63350	63382	New
63350	63380	New
63350	63378	New
63350	61103	New
63350	61101	New
63350	63374	New
63350	61522	New
63350	60384	New
63350	61520	New
63350	61076	Known
63350	61074	Known
63350	61072	Known
63350	61070	Known
63350	61068	Known
63350	61066	Known
63350	61064	Known
63350	61062	Known
63350	61060	Known
63350	61676	Known
63350	60907	New
63350	60905	New
63350	60359	Known
63350	60357	Known
63350	63355	New
63350	60172	New
63350	63352	Known
63348	63350	Known
63348	63348	Known
63346	63346	New
63342	62996	New
63342	63342	New
63342	62990	New
63337	60872	Known
63337	60962	Known
63337	60960	Known
63337	60958	Known
63299	60964	Known
63299	60918	Known
63299	60956	Known
63299	60954	Known
63299	60952	Known
63299	60950	Known
63299	60948	Known
63299	60642	Known
63299	60640	Known
63299	60638	Known
63299	60636	Known
63299	60188	Known
63299	60186	Known
63299	60184	Known
63299	60182	Known
63299	60180	Known
63299	60178	Known
63299	63305	Known
63299	60923	Known
63299	60900	Known
63299	60911	Known
63299	60909	Known
63299	60921	Known
63289	62901	Known
63289	60228	Known
63289	62860	Known
63289	60216	Known
63289	61421	Known
63289	61419	Known
63289	61856	Known
63289	60925	Known
63289	60923	Known
63280	60974	Known
63280	60956	Known
63280	60954	Known
63280	60952	Known
63280	61018	Known
63280	61016	Known
63280	61014	Known
63280	60970	Known
63271	63271	Known
63271	63277	Known
63271	63275	Known
63271	63013	New
63271	61616	New
63271	61614	New
63184	63255	Known
63184	63253	Known
63184	63251	New
63184	63249	Known
63184	63247	Known
63184	63245	Known
63184	63243	Known
63184	63241	Known
63184	63239	Known
63184	63237	Known
63184	63235	Known
63184	63233	Known
63184	63231	Known
63184	63229	Known
63184	63227	Known
63184	61273	New
63184	61271	Known
63184	61269	Known
63184	63222	Known
63184	63220	Known
63184	63218	Known
63184	63216	Known
63184	63214	Known
63184	63212	Known
63184	63210	Known
63184	63208	Known
63184	63000	Known
63184	63205	Known
63184	63203	Known
63184	63201	Known
63184	63199	New
63184	63197	New
63184	63195	Known
63184	63193	Known
63184	63191	Known
63184	63189	New
63184	63187	New
63184	62194	Known
63184	62192	Known
63058	63080	New
63058	60974	Known
63058	63077	Known
63058	63075	New
63058	63073	New
63058	63071	Known
63058	63069	Known
63058	63067	Known
63058	63065	Known
63058	62619	Known
63058	62617	Known
63058	60388	Known
63058	60970	Known
63058	60907	Known
63058	60905	Known
63043	63054	Known
63043	62787	Known
63043	63051	Known
63043	63049	Known
63043	63047	Known
63043	63045	Known
63043	60923	Known
63008	63041	Known
63008	62996	Known
63008	61395	New
63008	63037	Known
63008	63035	New
63008	63033	Known
63008	63031	New
63008	63008	Known
63008	63028	Known
63008	63026	Known
63008	63024	Known
63008	63022	Known
63008	63020	Known
63008	62992	Known
63008	62990	Known
63008	62988	Known
63008	62986	Known
63008	62984	Known
63008	63013	New
63008	63011	New
63008	63009	New
63002	61159	New
63000	61620	New
63000	61454	Known
63000	60962	Known
63000	60960	Known
63000	60958	Known
63000	63000	Known
63000	60265	Known
63000	60263	Known
63000	60261	Known
63000	60259	Known
63000	60257	Known
63000	60255	Known
63000	60253	Known
63000	61209	Known
63000	63142	Known
63000	63140	Known
63000	62998	Known
63000	63137	Known
63000	63135	Known
63000	63133	Known
63000	61608	New
63000	61606	New
63000	61604	New
63000	61602	New
63000	61600	Known
62998	63000	Known
62998	62998	Known
62982	62996	Known
62982	62994	New
62982	62992	Known
62982	62990	Known
62982	62988	Known
62982	62986	Known
62982	62984	Known
62982	62982	Known
62958	60950	Known
62958	60948	Known
62958	61411	Known
62958	61409	Known
62958	61407	Known
62958	61405	Known
62958	60214	Known
62958	60212	Known
62958	60210	Known
62958	60208	Known
62958	60206	Known
62958	60204	Known
62958	60202	Known
62958	60200	Known
62958	60198	Known
62958	60196	Known
62958	60265	Known
62958	60263	Known
62958	60261	Known
62958	60259	Known
62958	60257	Known
62958	60255	Known
62958	60253	Known
62956	62956	New
62908	62916	New
62908	62914	Known
62908	62912	Known
62908	62910	Known
62907	62908	Known
62903	62905	New
62903	62903	New
62738	62738	New
62738	61286	New
62480	61211	New
62480	62277	Known
62480	62480	Known
62473	62478	Known
62473	62476	Known
62473	62474	Known
62377	62075	Known
62377	63821	Known
62377	61502	Known
62377	63818	Known
62377	63816	Known
62377	63814	Known
62377	62464	Known
62377	63811	Known
62377	63253	New
62377	60886	Known
62377	62884	Known
62377	62882	Known
62377	62459	Known
62377	61620	New
62377	61618	New
62377	61580	Known
62377	61474	Known
62377	61472	Known
62377	63529	Known
62377	61469	Known
62377	60844	Known
62377	63796	Known
62377	63794	Known
62377	63792	Known
62377	63790	Known
62377	63788	Known
62377	63786	Known
62377	62424	New
62377	62422	Known
62377	61964	Known
62377	61951	Known
62377	63780	Known
62377	60752	Known
62377	60750	Known
62377	60746	Known
62377	63775	Known
62377	61387	Known
62377	63772	Known
62377	61373	Known
62377	61371	Known
62377	63768	Known
62377	63766	Known
62377	62377	Known
62377	62375	Known
62377	63762	Known
62377	60192	Known
62377	60190	Known
62377	63468	Known
62377	63757	Known
62377	63755	Known
62377	63753	Known
62377	63466	Known
62377	63464	Known
62377	63462	Known
62377	63460	Known
62377	63747	Known
62377	63745	Known
62377	63743	Known
62377	63741	New
62377	63739	New
62377	63737	New
62377	63735	New
62377	61284	Known
62377	61282	Known
62377	63731	New
62377	63729	Known
62377	63727	Known
62377	63725	Known
62377	63299	Known
62377	63722	Known
62377	60632	Known
62377	63222	New
62377	63220	New
62377	63218	New
62377	63216	Known
62377	63214	Known
62377	63212	Known
62377	63210	Known
62377	63712	Known
62377	63109	New
62377	63107	New
62377	63105	New
62377	63103	New
62377	63101	New
62377	63099	New
62377	63097	Known
62377	60610	Known
62377	60608	Known
62377	60606	Known
62377	60596	Known
62377	61808	Known
62377	61806	Known
62377	63697	Known
62377	63695	Known
62377	63693	Known
62377	63691	Known
62377	63689	Known
62377	63687	Known
62377	63685	Known
62377	61199	Known
62377	61197	Known
62377	61195	Known
62377	62302	Known
62377	62290	Known
62377	63678	Known
62377	61161	New
62377	61159	Known
62377	61157	Known
62377	63673	New
62377	63671	New
62377	63669	New
62377	63667	Known
62377	62275	Known
62377	61715	Known
62377	61713	Known
62377	61711	Known
62377	61709	Known
62377	61707	Known
62377	61705	Known
62377	61608	New
62377	61606	New
62377	61604	New
62377	61602	New
62377	61600	Known
62377	63653	Known
62377	63651	Known
62377	61590	New
62377	61588	Known
62377	61586	Known
62377	61535	New
62377	61533	Known
62377	61531	Known
62377	61529	Known
62377	61527	Known
62377	61525	Known
62377	62232	New
62377	63639	Known
62377	63637	Known
62377	63635	Known
62377	63633	Known
62377	63631	Known
62377	63629	Known
62377	63627	Known
62377	61076	Known
62377	61074	Known
62377	61072	Known
62377	61070	Known
62377	61068	Known
62377	61066	Known
62377	61064	Known
62377	61062	Known
62377	61060	Known
62377	60327	Known
62377	60325	Known
62377	60323	Known
62377	60321	Known
62377	60319	Known
62377	63611	New
62377	63609	Known
62377	63607	Known
62377	61659	Known
62377	63604	Known
62377	63602	Known
62377	63600	Known
62377	63598	Known
62377	63352	Known
62377	61046	New
62377	61044	New
62377	61042	Known
62377	61040	Known
62377	61038	Known
62377	63590	Known
62377	62484	Known
62377	60162	New
62377	60160	Known
62377	60158	Known
62302	62459	Known
62302	62302	Known
62290	62901	Known
62290	62899	New
62290	62897	New
62290	62895	Known
62290	60898	Known
62290	60896	Known
62290	62891	Known
62290	62062	Known
62290	62888	Known
62290	62886	Known
62290	62884	Known
62290	62882	Known
62290	60882	Known
62290	60880	Known
62290	62878	Known
62290	62876	Known
62290	62874	Known
62290	60874	Known
62290	62871	Known
62290	60974	Known
62290	60918	Known
62290	61474	Known
62290	61472	Known
62290	60870	Known
62290	60868	Known
62290	60866	Known
62290	60224	Known
62290	60222	Known
62290	62860	Known
62290	62008	Known
62290	62006	Known
62290	62004	Known
62290	62002	Known
62290	62000	Known
62290	61998	Known
62290	61996	Known
62290	61994	Known
62290	62850	Known
62290	62848	Known
62290	61454	Known
62290	62845	Known
62290	60842	Known
62290	60840	Known
62290	60836	Known
62290	61984	Known
62290	62839	Known
62290	61980	Known
62290	62836	Known
62290	61639	Known
62290	62833	Known
62290	62831	Known
62290	61977	Known
62290	61975	Known
62290	61973	Known
62290	61971	Known
62290	61969	Known
62290	62824	New
62290	62822	Known
62290	60804	Known
62290	60802	Known
62290	60800	Known
62290	60798	Known
62290	60796	Known
62290	60794	Known
62290	60792	Known
62290	60790	Known
62290	62812	Known
62290	62810	New
62290	62808	New
62290	62806	Known
62290	62804	Known
62290	62802	Known
62290	61959	Known
62290	61957	Known
62290	62798	Known
62290	61953	Known
62290	62795	Known
62290	60752	Known
62290	60750	Known
62290	60746	Known
62290	62790	Known
62290	60736	Known
62290	62787	Known
62290	60728	Known
62290	60726	Known
62290	60724	Known
62290	60722	Known
62290	60720	Known
62290	60718	Known
62290	62779	New
62290	62777	Known
62290	62392	Known
62290	62774	Known
62290	62772	Known
62290	62770	Known
62290	62768	Known
62290	62766	Known
62290	62764	Known
62290	62762	Known
62290	61892	Known
62290	61890	Known
62290	62758	Known
62290	62377	Known
62290	62375	Known
62290	62754	Known
62290	62752	Known
62290	62750	Known
62290	61324	Known
62290	61322	Known
62290	61854	Known
62290	62745	Known
62290	62743	Known
62290	62741	Known
62290	62350	Known
62290	62738	Known
62290	62736	Known
62290	60680	Known
62290	60678	Known
62290	62732	Known
62290	62730	Known
62290	62728	Known
62290	62726	Known
62290	62724	Known
62290	62722	Known
62290	62720	Known
62290	62718	Known
62290	61297	Known
62290	61295	Known
62290	61293	Known
62290	61291	Known
62290	61289	Known
62290	61575	New
62290	61573	Known
62290	62709	Known
62290	62707	New
62290	61571	New
62290	62704	New
62290	62702	New
62290	62700	Known
62290	62698	Known
62290	60668	Known
62290	60666	Known
62290	60664	Known
62290	60662	Known
62290	62692	Known
62290	62690	Known
62290	62688	Known
62290	62686	Known
62290	62336	Known
62290	62334	Known
62290	62682	Known
62290	62680	Known
62290	62678	Known
62290	60622	Known
62290	60620	Known
62290	60618	Known
62290	60616	Known
62290	60614	Known
62290	60612	Known
62290	62670	New
62290	62668	Known
62290	60604	Known
62290	60596	Known
62290	61257	Known
62290	60588	Known
62290	60586	Known
62290	60584	Known
62290	60582	Known
62290	62659	Known
62290	62657	Known
62290	62655	Known
62290	62653	Known
62290	61776	Known
62290	61774	Known
62290	62649	Known
62290	62647	Known
62290	62645	Known
62290	61193	Known
62290	61191	Known
62290	60529	Known
62290	60527	Known
62290	60525	Known
62290	60523	Known
62290	60521	Known
62290	60519	Known
62290	60517	Known
62290	60515	Known
62290	60513	Known
62290	60511	Known
62290	60501	Known
62290	62630	Known
62290	60499	Known
62290	60497	Known
62290	62626	Known
62290	61161	New
62290	61159	Known
62290	61157	Known
62290	61740	Known
62290	61738	Known
62290	62619	Known
62290	62617	Known
62290	62615	Known
62290	62613	Known
62290	62281	Known
62290	62279	Known
62290	62609	Known
62290	62607	Known
62290	62605	Known
62290	62277	Known
62290	62602	Known
62290	62600	Known
62290	62598	New
62290	62596	New
62290	62594	Known
62290	62592	Known
62290	62590	New
62290	62588	Known
62290	62586	Known
62290	61631	Known
62290	61629	Known
62290	61627	Known
62290	61625	Known
62290	62580	Known
62290	62578	Known
62290	62576	Known
62290	62574	Known
62290	62572	New
62290	62570	New
62290	62568	New
62290	62566	Known
62290	62564	Known
62290	62562	Known
62290	62560	Known
62290	62558	Known
62290	60442	Known
62290	60440	Known
62290	60438	Known
62290	60436	Known
62290	60434	Known
62290	60432	Known
62290	60430	Known
62290	60428	Known
62290	60426	Known
62290	60424	Known
62290	60422	Known
62290	60420	Known
62290	60418	Known
62290	60416	Known
62290	62542	Known
62290	62540	Known
62290	62538	Known
62290	62536	Known
62290	62534	Known
62290	60970	Known
62290	62531	New
62290	62529	Known
62290	60900	Known
62290	60911	Known
62290	60909	Known
62290	60374	Known
62290	60276	Known
62290	60371	Known
62290	61076	Known
62290	61074	Known
62290	61072	Known
62290	61070	Known
62290	61068	Known
62290	61066	Known
62290	61064	Known
62290	61062	Known
62290	61060	Known
62290	60907	New
62290	60905	Known
62290	60903	Known
62290	60901	Known
62290	62508	Known
62290	62506	Known
62290	60355	Known
62290	60351	Known
62290	60349	Known
62290	60347	Known
62290	60345	Known
62290	60343	Known
62290	60341	Known
62290	60339	Known
62290	60337	Known
62290	60335	Known
62290	60333	Known
62290	60331	Known
62290	60317	Known
62290	60295	Known
62290	60293	Known
62290	60291	Known
62290	60289	Known
62290	60287	Known
62290	60285	Known
62290	60283	Known
62290	62484	Known
62133	62135	Known
62133	62133	Known
62133	61608	Known
62133	61606	Known
62133	61604	Known
62109	61580	Known
62109	62184	New
62109	62182	Known
62109	60782	New
62109	60780	New
62109	60778	New
62109	60776	New
62109	60774	New
62109	60772	New
62109	60770	New
62109	60768	New
62109	60764	New
62109	60760	New
62109	62170	New
62109	62168	New
62109	62166	New
62109	62164	New
62109	62162	New
62109	62160	New
62109	62158	New
62109	62156	New
62109	62154	New
62109	62152	Known
62109	62150	Known
62109	60578	New
62109	62147	New
62109	62145	New
62109	62143	New
62109	62141	New
62109	62139	New
62109	62137	New
62109	62135	New
62109	62133	New
62109	62131	New
62109	62129	New
62109	62127	New
62109	62125	New
62109	62123	New
62109	62109	New
62109	60242	New
62109	61535	New
62109	61533	Known
62109	61531	Known
62109	61529	Known
62109	61527	Known
62109	61525	Known
62109	60388	New
62109	62112	New
62109	60907	New
62109	60905	New
62090	60956	Known
62090	60954	Known
62090	60952	Known
62090	61411	Known
62090	61409	Known
62090	61407	Known
62090	61405	Known
62090	60265	Known
62090	60263	Known
62090	60261	Known
62090	60259	Known
62090	60257	Known
62090	60255	Known
62090	60253	Known
62087	61020	New
62087	62087	New
61990	63828	Known
61990	65221	New
61990	61977	Known
61990	61975	Known
61990	61973	Known
61990	61971	Known
61990	61969	Known
61990	65214	Known
61990	65212	Known
61990	61817	Known
61990	61815	Known
61990	65208	Known
61990	62574	Known
61945	61856	Known
61892	61421	Known
61892	61419	Known
61892	60214	Known
61892	60212	Known
61892	60210	Known
61892	60208	Known
61892	60206	Known
61892	60204	Known
61892	60202	Known
61892	60200	Known
61892	60198	Known
61892	60196	Known
61656	62085	New
61656	62083	Known
61656	62081	Known
61656	62079	Known
61656	60898	Known
61656	60896	Known
61656	62075	Known
61656	62073	Known
61656	60170	Known
61656	62070	Known
61656	62068	Known
61656	62066	Known
61656	60892	Known
61656	60890	Known
61656	62062	Known
61656	62060	Known
61656	62058	Known
61656	62056	Known
61656	62054	Known
61656	60882	Known
61656	60880	Known
61656	62050	Known
61656	62048	Known
61656	62046	Known
61656	60872	Known
61656	60974	Known
61656	62042	Known
61656	62040	Known
61656	62038	New
61656	62036	Known
61656	62034	New
61656	62032	New
61656	62030	New
61656	62028	New
61656	62026	New
61656	62024	Known
61656	62022	Known
61656	62020	Known
61656	62018	Known
61656	62016	Known
61656	62014	Known
61656	62012	Known
61656	62010	Known
61656	62008	Known
61656	62006	Known
61656	62004	Known
61656	62002	Known
61656	62000	Known
61656	61998	Known
61656	61996	Known
61656	61994	Known
61656	61992	Known
61656	61990	Known
61656	60842	Known
61656	60840	Known
61656	60838	Known
61656	60836	Known
61656	61984	Known
61656	61982	Known
61656	61980	Known
61656	60820	Known
61656	61977	Known
61656	61975	Known
61656	61973	Known
61656	61971	Known
61656	61969	Known
61656	60806	Known
61656	61966	Known
61656	61964	Known
61656	60166	Known
61656	61961	Known
61656	61959	Known
61656	61957	Known
61656	61955	Known
61656	61953	Known
61656	61951	Known
61656	61949	New
61656	61947	New
61656	61945	New
61656	61943	New
61656	61941	New
61656	61939	Known
61656	61937	Known
61656	60780	Known
61656	60778	Known
61656	60776	Known
61656	60774	Known
61656	60772	Known
61656	60770	Known
61656	60768	Known
61656	60766	Known
61656	60764	Known
61656	60762	Known
61656	60760	Known
61656	60758	Known
61656	60756	Known
61656	60754	Known
61656	61921	Known
61656	61919	Known
61656	61917	New
61656	61915	Known
61656	61018	Known
61656	61016	Known
61656	61014	Known
61656	60744	Known
61656	61385	Known
61656	61383	Known
61656	60214	Known
61656	60212	Known
61656	60210	Known
61656	60208	Known
61656	60206	Known
61656	60204	Known
61656	60202	Known
61656	60200	Known
61656	60198	Known
61656	60196	Known
61656	61897	Known
61656	61895	Known
61656	60708	Known
61656	61892	Known
61656	61890	Known
61656	61888	Known
61656	61886	New
61656	61884	New
61656	61882	New
61656	61880	New
61656	61878	Known
61656	61876	Known
61656	61336	Known
61656	61873	Known
61656	61871	Known
61656	61869	Known
61656	61324	Known
61656	61322	Known
61656	60706	Known
61656	60704	Known
61656	60702	Known
61656	61862	Known
61656	61860	Known
61656	61858	Known
61656	61856	Known
61656	61854	Known
61656	60676	Known
61656	60674	Known
61656	60672	Known
61656	60670	Known
61656	61848	Known
61656	61846	Known
61656	61844	Known
61656	61842	Known
61656	61840	Known
61656	61838	Known
61656	60972	Known
61656	61835	Known
61656	61833	Known
61656	61831	Known
61656	61829	Known
61656	61563	Known
61656	61826	Known
61656	61824	Known
61656	61822	Known
61656	60632	Known
61656	61819	Known
61656	61817	Known
61656	61815	Known
61656	61813	Known
61656	61811	Known
61656	61261	Known
61656	61808	Known
61656	61806	Known
61656	61804	Known
61656	61802	Known
61656	61800	Known
61656	61798	New
61656	61796	Known
61656	61794	Known
61656	61792	Known
61656	61790	Known
61656	61788	Known
61656	61786	Known
61656	61784	Known
61656	61782	Known
61656	60274	Known
61656	61225	Known
61656	61778	Known
61656	61776	Known
61656	61774	Known
61656	61772	Known
61656	61770	Known
61656	60998	New
61656	60996	New
61656	60994	New
61656	60992	Known
61656	60990	Known
61656	60988	Known
61656	61762	Known
61656	61760	Known
61656	61758	Known
61656	61756	Known
61656	60499	Known
61656	60497	Known
61656	60495	Known
61656	60493	Known
61656	60491	Known
61656	60489	Known
61656	60487	Known
61656	60485	Known
61656	61746	Known
61656	61163	Known
61656	61161	New
61656	61159	Known
61656	61157	Known
61656	61740	Known
61656	61738	Known
61656	61616	Known
61656	61735	Known
61656	60477	Known
61656	60233	Known
61656	60474	Known
61656	60472	Known
61656	61729	Known
61656	61727	Known
61656	61725	Known
61656	61723	Known
61656	61721	Known
61656	61126	New
61656	61124	Known
61656	61717	Known
61656	61715	Known
61656	61713	Known
61656	61711	Known
61656	61709	Known
61656	61707	Known
61656	61705	Known
61656	61703	Known
61656	61656	Known
61656	60414	Known
61656	60412	Known
61656	61698	New
61656	61696	Known
61656	61694	Known
61656	61692	Known
61656	61690	Known
61656	60980	New
61656	60978	New
61656	60976	Known
61656	60970	Known
61656	60923	Known
61656	61683	Known
61656	61681	Known
61656	60369	New
61656	60367	New
61656	60365	Known
61656	61676	Known
61656	60272	Known
61656	60270	Known
61656	60268	Known
61656	60903	Known
61656	60901	Known
61656	61669	Known
61656	60239	Known
61656	61666	Known
61656	61664	Known
61656	61662	Known
61656	61056	Known
61656	61659	Known
61656	61657	Known
61644	61654	Known
61644	61652	Known
61644	61650	Known
61644	61648	Known
61644	61646	Known
61644	61644	Known
61639	60281	Known
61639	60279	Known
61639	60277	Known
61625	62083	Known
61625	62081	Known
61625	60892	Known
61625	60890	Known
61625	62467	Known
61625	62060	Known
61625	62464	Known
61625	62462	Known
61625	62056	Known
61625	62459	Known
61625	60882	Known
61625	60880	Known
61625	61483	Known
61625	61481	Known
61625	60974	Known
61625	60918	Known
61625	60870	Known
61625	62016	Known
61625	61992	Known
61625	61980	Known
61625	62447	Known
61625	62445	Known
61625	62443	Known
61625	61977	Known
61625	61975	Known
61625	61973	Known
61625	61971	Known
61625	61969	Known
61625	60814	Known
61625	60812	Known
61625	60810	Known
61625	60808	Known
61625	62432	Known
61625	62430	Known
61625	62428	Known
61625	61421	Known
61625	61419	Known
61625	62424	New
61625	62422	Known
61625	62420	Known
61625	61959	Known
61625	61957	Known
61625	60780	Known
61625	60778	Known
61625	60776	Known
61625	60774	Known
61625	60772	Known
61625	60770	Known
61625	60768	Known
61625	60766	Known
61625	60764	Known
61625	60762	Known
61625	60760	Known
61625	60758	Known
61625	60756	Known
61625	60754	Known
61625	60752	Known
61625	60750	Known
61625	61917	New
61625	61915	Known
61625	62398	Known
61625	62396	Known
61625	62394	Known
61625	62392	Known
61625	60214	Known
61625	60212	Known
61625	60210	Known
61625	60208	Known
61625	60206	Known
61625	60204	Known
61625	60202	Known
61625	60200	Known
61625	60198	Known
61625	60196	Known
61625	60712	Known
61625	61363	Known
61625	61361	Known
61625	62377	Known
61625	62375	Known
61625	62373	New
61625	62371	Known
61625	62369	Known
61625	60706	Known
61625	60704	Known
61625	60702	Known
61625	60700	Known
61625	60698	Known
61625	60696	Known
61625	60694	Known
61625	60692	Known
61625	62359	Known
61625	62166	Known
61625	62164	Known
61625	62162	Known
61625	62160	Known
61625	62158	Known
61625	62156	Known
61625	62154	Known
61625	62350	Known
61625	60192	Known
61625	60190	Known
61625	60676	Known
61625	60674	Known
61625	60672	Known
61625	60670	Known
61625	62342	Known
61625	62340	Known
61625	62338	Known
61625	62336	Known
61625	62334	Known
61625	60644	Known
61625	60642	Known
61625	60640	Known
61625	60638	Known
61625	60636	Known
61625	62327	Known
61625	62325	Known
61625	62323	Known
61625	62321	Known
61625	60622	Known
61625	60620	Known
61625	60618	Known
61625	60616	Known
61625	60614	Known
61625	60612	Known
61625	60602	Known
61625	62312	Known
61625	62310	Known
61625	60594	Known
61625	60592	Known
61625	61227	Known
61625	61199	Known
61625	61197	Known
61625	61195	Known
61625	62302	Known
61625	60529	Known
61625	60527	Known
61625	60525	Known
61625	60523	Known
61625	60521	Known
61625	60519	Known
61625	60517	Known
61625	60515	Known
61625	60513	Known
61625	60511	Known
61625	62290	Known
61625	60499	Known
61625	60497	Known
61625	62286	Known
61625	61161	New
61625	61159	Known
61625	61157	Known
61625	62281	Known
61625	62279	Known
61625	62277	Known
61625	62275	Known
61625	62273	Known
61625	62271	Known
61625	62269	Known
61625	62267	Known
61625	61631	Known
61625	61629	Known
61625	61627	Known
61625	61625	Known
61625	61138	Known
61625	61136	Known
61625	62259	Known
61625	62257	Known
61625	62255	New
61625	62253	Known
61625	62251	New
61625	62249	Known
61625	62247	Known
61625	62245	Known
61625	62243	Known
61625	62241	Known
61625	62239	Known
61625	60242	Known
61625	60240	Known
61625	60392	Known
61625	60390	Known
61625	60388	New
61625	62232	Known
61625	60970	Known
61625	60966	Known
61625	60900	Known
61625	60911	Known
61625	60909	Known
61625	60369	Known
61625	60367	Known
61625	60272	Known
61625	60270	Known
61625	60268	Known
61625	60903	Known
61625	60901	Known
61625	60351	Known
61625	60349	Known
61625	60347	Known
61625	60345	Known
61625	60343	Known
61625	60341	Known
61625	60339	Known
61625	60337	Known
61625	60335	Known
61625	60333	Known
61625	60331	Known
61625	60329	Known
61625	62206	Known
61625	60315	New
61625	60313	New
61625	60311	New
61625	60309	New
61625	60307	New
61625	60305	Known
61625	60303	Known
61625	60301	Known
61625	60299	Known
61625	60297	Known
61625	62194	Known
61625	62192	Known
61625	61657	Known
61604	61604	New
61586	61620	Known
61586	61618	Known
61586	61616	New
61586	61614	Known
61586	61612	Known
61586	61610	Known
61586	61608	Known
61586	61606	Known
61586	61604	Known
61586	61602	Known
61586	61600	Known
61586	61598	Known
61586	61596	Known
61586	61594	Known
61586	61592	Known
61586	61590	Known
61586	61588	Known
61586	61586	Known
61582	61584	Known
61582	61582	Known
61565	61385	New
61565	61383	New
61565	61565	New
61565	61563	New
61565	61561	New
61565	61559	New
61565	61557	New
61565	61555	New
61565	61553	New
61565	61551	New
61565	61549	New
61565	61547	New
61565	60658	New
61507	61580	New
61507	60870	Known
61507	61577	New
61507	61575	New
61507	61573	New
61507	61571	New
61507	60668	New
61507	60666	New
61507	60664	New
61507	60662	New
61507	61565	New
61507	61563	New
61507	61561	New
61507	61559	New
61507	61557	New
61507	61555	New
61507	61553	New
61507	61551	New
61507	61549	New
61507	61547	New
61507	60658	New
61507	61544	New
61507	61542	New
61507	61540	New
61507	61538	New
61507	60394	Known
61507	61535	New
61507	61533	New
61507	61531	New
61507	61529	New
61507	61527	New
61507	61525	New
61507	61507	Known
61507	61522	New
61507	61520	New
61507	60351	Known
61507	60349	Known
61507	60347	Known
61507	60345	Known
61507	60343	Known
61507	60341	Known
61507	60339	Known
61507	60337	Known
61507	60335	Known
61507	60333	Known
61507	60331	Known
61507	60230	Known
61489	61489	Known
61489	65298	Known
61489	65296	Known
61489	65294	Known
61489	65292	New
61489	65290	New
61489	65288	Known
61489	65286	Known
61489	65284	New
61489	65282	Known
61489	65073	New
61489	65071	New
61489	62812	New
61489	65068	New
61489	65276	Known
61489	65274	Known
61489	63481	New
61489	65271	Known
61489	65269	Known
61489	61363	New
61489	61361	New
61489	65265	Known
61489	64986	Known
61489	64984	Known
61489	62375	New
61489	65260	Known
61489	65258	Known
61489	65256	Known
61489	65254	Known
61489	61829	Known
61489	65251	New
61489	65249	New
61489	65247	Known
61489	65245	Known
61489	60545	New
61489	65242	Known
61489	65240	Known
61489	65238	Known
61489	65236	New
61489	65234	Known
61489	61175	Known
61489	61173	Known
61489	60410	Known
61489	60408	Known
61489	65228	New
61489	65226	Known
61403	61483	New
61403	60848	New
61403	60846	New
61403	61403	New
61403	61134	New
61403	61122	New
61403	61622	New
61340	61018	Known
61340	61016	Known
61340	61014	Known
61279	60923	Known
61275	63268	New
61275	63266	New
61275	61275	New
61275	63263	New
61275	63261	New
61275	60162	New
61275	60160	Known
61275	60158	Known
61275	60156	Known
61259	61259	New
61259	60270	New
61101	61103	New
61101	61101	New
61095	61639	New
61095	61577	New
61095	60668	New
61095	60666	New
61095	60664	New
61095	60662	New
61095	61542	New
61095	61631	New
61095	61629	New
61095	61627	New
61095	61625	New
61095	61095	New
61095	61622	New
61026	60228	Known
61026	60894	Known
61026	60964	Known
61026	61502	Known
61026	61500	Known
61026	61498	Known
61026	61496	Known
61026	61494	Known
61026	60884	Known
61026	61491	Known
61026	61489	New
61026	60882	Known
61026	60880	Known
61026	61485	Known
61026	61483	Known
61026	61481	Known
61026	61479	Known
61026	61477	Known
61026	60918	Known
61026	61474	Known
61026	61472	Known
61026	60868	Known
61026	61469	Known
61026	60866	Known
61026	61466	New
61026	61464	New
61026	61462	Known
61026	61460	Known
61026	61458	Known
61026	61456	Known
61026	61454	Known
61026	61452	Known
61026	61450	Known
61026	61448	Known
61026	61446	Known
61026	61444	Known
61026	61442	Known
61026	61440	Known
61026	61438	Known
61026	61436	Known
61026	61434	Known
61026	60216	Known
61026	61431	New
61026	61429	New
61026	61427	New
61026	61425	New
61026	61423	Known
61026	61421	Known
61026	61419	Known
61026	61417	Known
61026	61415	New
61026	61413	Known
61026	61411	Known
61026	61409	Known
61026	61407	Known
61026	61405	Known
61026	61403	New
61026	60782	Known
61026	60752	Known
61026	60750	Known
61026	61018	Known
61026	61016	Known
61026	61014	Known
61026	61395	Known
61026	61393	Known
61026	61391	Known
61026	61389	Known
61026	61387	Known
61026	61385	Known
61026	61383	Known
61026	61381	New
61026	61379	New
61026	61377	New
61026	61375	New
61026	61373	Known
61026	61371	Known
61026	61369	Known
61026	61367	Known
61026	61365	New
61026	61363	Known
61026	61361	Known
61026	60708	Known
61026	61358	New
61026	61356	New
61026	61354	Known
61026	61352	New
61026	61350	New
61026	61348	Known
61026	61346	Known
61026	61344	Known
61026	61342	Known
61026	61340	Known
61026	61338	Known
61026	61336	New
61026	61334	Known
61026	61332	Known
61026	61330	Known
61026	61328	Known
61026	61326	Known
61026	61324	Known
61026	61322	Known
61026	60698	Known
61026	61319	Known
61026	61317	Known
61026	61315	New
61026	61313	Known
61026	60192	Known
61026	60190	Known
61026	61309	Known
61026	61307	Known
61026	61305	Known
61026	61303	Known
61026	61301	Known
61026	61299	Known
61026	61297	Known
61026	61295	Known
61026	61293	Known
61026	61291	Known
61026	61289	Known
61026	60658	New
61026	61286	New
61026	61284	Known
61026	61282	Known
61026	60632	Known
61026	61279	Known
61026	61277	Known
61026	61275	New
61026	61273	New
61026	61271	New
61026	61269	Known
61026	61267	Known
61026	61265	Known
61026	61263	Known
61026	61261	Known
61026	61259	New
61026	61257	New
61026	61255	Known
61026	61253	Known
61026	61251	Known
61026	61249	Known
61026	61247	Known
61026	61245	Known
61026	61243	Known
61026	61241	Known
61026	61239	Known
61026	61237	New
61026	61235	Known
61026	61233	Known
61026	61231	Known
61026	60580	Known
61026	60578	Known
61026	61227	Known
61026	61225	Known
61026	61223	New
61026	61221	New
61026	61219	Known
61026	61217	Known
61026	61215	Known
61026	61213	Known
61026	61211	New
61026	61209	New
61026	61207	Known
61026	61205	Known
61026	61203	New
61026	61201	Known
61026	61199	Known
61026	61197	Known
61026	61195	Known
61026	61193	Known
61026	61191	Known
61026	60998	New
61026	60996	New
61026	60994	New
61026	60992	Known
61026	60990	Known
61026	60988	Known
61026	61183	New
61026	61181	New
61026	61179	Known
61026	61177	Known
61026	61175	Known
61026	61173	Known
61026	61171	New
61026	61169	New
61026	61167	Known
61026	60499	Known
61026	60497	Known
61026	61163	Known
61026	61161	New
61026	61159	Known
61026	61157	Known
61026	61155	Known
61026	60483	Known
61026	60481	Known
61026	60479	Known
61026	61150	Known
61026	61148	Known
61026	61146	Known
61026	61144	Known
61026	61142	Known
61026	61140	Known
61026	61138	Known
61026	61136	Known
61026	61134	Known
61026	61132	New
61026	61130	Known
61026	61128	Known
61026	61126	New
61026	61124	Known
61026	61122	Known
61026	61120	Known
61026	61118	New
61026	61116	Known
61026	60442	Known
61026	60440	Known
61026	60438	Known
61026	60436	Known
61026	60434	Known
61026	60432	Known
61026	60430	Known
61026	60428	Known
61026	60426	Known
61026	60424	Known
61026	60422	Known
61026	61103	Known
61026	61101	Known
61026	61099	Known
61026	61097	Known
61026	61095	New
61026	61093	Known
61026	61026	Known
61026	61090	Known
61026	60386	New
61026	60384	Known
61026	60382	Known
61026	60380	Known
61026	60378	Known
61026	60900	Known
61026	60911	Known
61026	60909	Known
61026	61080	New
61026	61078	Known
61026	61076	Known
61026	61074	Known
61026	61072	Known
61026	61070	Known
61026	61068	Known
61026	61066	Known
61026	61064	Known
61026	61062	Known
61026	61060	Known
61026	61058	Known
61026	61056	New
61026	61054	New
61026	61052	New
61026	61050	Known
61026	61048	Known
61026	61046	Known
61026	61044	Known
61026	61042	Known
61026	61040	Known
61026	61038	Known
61026	61036	Known
61026	61034	Known
61026	60295	Known
61026	60293	Known
61026	60291	Known
61026	60289	Known
61026	60287	Known
61026	60285	Known
61026	60283	Known
61022	61022	New
61016	64071	Known
61016	60974	Known
61016	60918	Known
61016	60844	Known
61016	60950	Known
61016	60948	Known
61016	61018	Known
61016	61016	Known
61016	61014	Known
61016	60748	Known
61016	60746	Known
61016	60744	Known
61016	63775	Known
61016	64057	Known
61016	64055	Known
61016	62369	Known
61016	60706	Known
61016	60704	Known
61016	60702	Known
61016	60700	Known
61016	60698	Known
61016	60696	Known
61016	60694	Known
61016	60692	Known
61016	61856	Known
61016	64043	New
61016	62929	New
61016	60644	Known
61016	60642	Known
61016	60640	Known
61016	60638	Known
61016	60636	Known
61016	62327	Known
61016	62325	Known
61016	62323	Known
61016	62321	Known
61016	60634	Known
61016	60632	Known
61016	60602	Known
61016	61261	Known
61016	60596	Known
61016	60594	Known
61016	60592	Known
61016	64024	Known
61016	60590	Known
61016	60242	Known
61016	60240	Known
61016	60394	Known
61016	64018	Known
61016	60392	Known
61016	60390	Known
61016	60970	Known
61016	60900	Known
61016	60911	Known
61016	60909	Known
61016	60907	New
61016	60905	New
61016	60315	New
61016	60313	New
61016	60311	New
61016	60309	New
61016	60307	New
61016	60305	Known
61016	60303	Known
61016	60301	Known
61016	60299	Known
61016	60297	Known
60994	62947	New
60994	62945	New
60994	60888	New
60994	62942	New
60994	60742	New
60994	60740	New
60994	62938	New
60994	62936	New
60994	60674	New
60994	60672	New
60994	62932	New
60994	62698	New
60994	62929	New
60994	60261	New
60994	60259	New
60994	60994	New
60994	61179	New
60994	62615	New
60994	62922	New
60994	62920	New
60994	62918	New
60976	60882	Known
60976	60880	Known
60976	61022	Known
60976	61020	Known
60976	61018	Known
60976	61016	Known
60976	61014	Known
60976	60698	Known
60976	60696	Known
60976	60676	Known
60976	60674	Known
60976	60672	Known
60976	60670	Known
60976	61006	Known
60976	61004	Known
60976	61002	Known
60976	61000	Known
60976	60998	New
60976	60996	New
60976	60994	New
60976	60992	Known
60976	60990	Known
60976	60988	Known
60976	60499	Known
60976	60497	Known
60976	60984	Known
60976	60982	Known
60976	60980	New
60976	60978	New
60976	60976	Known
60966	60974	Known
60966	60972	Known
60966	60970	Known
60966	60966	Known
60966	60967	Known
60920	60964	Known
60920	60962	Known
60920	60960	Known
60920	60958	Known
60920	60956	Known
60920	60954	Known
60920	60952	Known
60920	60950	Known
60920	60948	Known
60920	60214	Known
60920	60212	Known
60920	60210	Known
60920	60208	Known
60920	60206	Known
60920	60204	Known
60920	60202	Known
60920	60200	Known
60920	60198	Known
60920	60196	Known
60920	60642	Known
60920	60640	Known
60920	60638	Known
60920	60636	Known
60920	60265	Known
60920	60263	Known
60920	60261	Known
60920	60259	Known
60920	60257	Known
60920	60255	Known
60920	60253	Known
60920	60925	Known
60920	60923	Known
60920	60921	Known
60900	60918	Known
60900	60916	Known
60900	60914	Known
60900	60900	Known
60900	60911	Known
60900	60909	Known
60900	60907	New
60900	60905	Known
60900	60903	Known
60900	60901	Known
60628	60228	Known
60628	60964	Known
60628	60962	Known
60628	60960	Known
60628	60958	Known
60628	60956	Known
60628	60954	Known
60628	60952	Known
60628	60216	Known
60628	61411	Known
60628	61409	Known
60628	61407	Known
60628	61405	Known
60628	60214	Known
60628	60212	Known
60628	60210	Known
60628	60208	Known
60628	60206	Known
60628	60204	Known
60628	60202	Known
60628	60200	Known
60628	60198	Known
60628	60196	Known
60628	60630	Known
60628	60628	Known
60628	60626	Known
60610	60886	Known
60610	60864	Known
60610	60862	Known
60610	60860	Known
60610	60858	Known
60610	60856	Known
60610	60854	Known
60610	60852	Known
60610	61286	Known
60610	60648	Known
60610	60646	Known
60610	63109	New
60610	63107	New
60610	63105	New
60610	63103	New
60610	63101	New
60610	63099	New
60610	63097	Known
60610	60610	Known
60610	60608	Known
60610	60606	Known
60610	63092	Known
60610	60529	Known
60610	60527	Known
60610	60525	Known
60610	60523	Known
60610	60521	Known
60610	60519	Known
60610	60517	Known
60610	60515	Known
60610	60513	Known
60610	60511	Known
60586	60588	New
60586	60586	New
60586	60584	New
60586	60582	New
60472	60477	Known
60472	60233	Known
60472	60474	Known
60472	60472	Known
60466	60962	Known
60466	60960	Known
60466	60958	Known
60466	60925	Known
60276	60898	Known
60276	60896	Known
60276	60894	Known
60276	60892	Known
60276	60890	Known
60276	60888	Known
60276	60886	Known
60276	60884	Known
60276	60882	Known
60276	60880	Known
60276	60878	Known
60276	60876	Known
60276	60874	Known
60276	60872	Known
60276	60870	Known
60276	60868	Known
60276	60866	Known
60276	60864	Known
60276	60862	Known
60276	60860	Known
60276	60858	Known
60276	60856	Known
60276	60854	Known
60276	60852	Known
60276	60850	Known
60276	60848	New
60276	60846	Known
60276	60844	Known
60276	60842	Known
60276	60840	Known
60276	60838	Known
60276	60836	Known
60276	60834	New
60276	60832	New
60276	60830	Known
60276	60828	Known
60276	60826	Known
60276	60824	Known
60276	60822	Known
60276	60820	Known
60276	60818	Known
60276	60816	Known
60276	60814	Known
60276	60812	Known
60276	60810	Known
60276	60808	Known
60276	60806	Known
60276	60804	Known
60276	60802	Known
60276	60800	Known
60276	60798	Known
60276	60796	Known
60276	60794	Known
60276	60792	Known
60276	60790	Known
60276	60788	Known
60276	60786	Known
60276	60784	Known
60276	60782	Known
60276	60780	Known
60276	60778	Known
60276	60776	Known
60276	60774	Known
60276	60772	Known
60276	60770	Known
60276	60768	Known
60276	60766	Known
60276	60764	Known
60276	60762	Known
60276	60760	Known
60276	60758	Known
60276	60756	Known
60276	60754	Known
60276	60752	Known
60276	60750	Known
60276	60748	Known
60276	60746	Known
60276	60744	Known
60276	60742	Known
60276	60740	Known
60276	60738	Known
60276	60736	Known
60276	60734	Known
60276	60732	Known
60276	60730	Known
60276	60728	Known
60276	60726	Known
60276	60724	Known
60276	60722	Known
60276	60720	Known
60276	60718	Known
60276	60716	Known
60276	60714	Known
60276	60712	Known
60276	60710	Known
60276	60708	Known
60276	60706	Known
60276	60704	Known
60276	60702	Known
60276	60700	Known
60276	60698	Known
60276	60696	Known
60276	60694	Known
60276	60692	Known
60276	60690	Known
60276	60688	Known
60276	60686	Known
60276	60684	Known
60276	60682	Known
60276	60680	Known
60276	60678	Known
60276	60676	Known
60276	60674	Known
60276	60672	Known
60276	60670	Known
60276	60668	Known
60276	60666	Known
60276	60664	Known
60276	60662	Known
60276	60660	Known
60276	60658	New
60276	60656	New
60276	60654	New
60276	60652	Known
60276	60650	Known
60276	60648	Known
60276	60646	Known
60276	60644	Known
60276	60642	Known
60276	60640	Known
60276	60638	Known
60276	60636	Known
60276	60634	Known
60276	60632	Known
60276	60630	Known
60276	60628	Known
60276	60626	Known
60276	60624	Known
60276	60622	Known
60276	60620	Known
60276	60618	Known
60276	60616	Known
60276	60614	Known
60276	60612	Known
60276	60610	Known
60276	60608	Known
60276	60606	Known
60276	60604	Known
60276	60602	Known
60276	60600	Known
60276	60598	Known
60276	60596	Known
60276	60594	Known
60276	60592	Known
60276	60590	Known
60276	60588	Known
60276	60586	Known
60276	60584	Known
60276	60582	Known
60276	60580	Known
60276	60578	Known
60276	60576	Known
60276	60574	Known
60276	60572	Known
60276	60570	Known
60276	60568	Known
60276	60566	Known
60276	60564	Known
60276	60562	Known
60276	60560	Known
60276	60265	Known
60276	60263	Known
60276	60261	Known
60276	60259	Known
60276	60257	Known
60276	60255	Known
60276	60253	Known
60276	60551	New
60276	60549	New
60276	60547	New
60276	60545	New
60276	60543	New
60276	60541	New
60276	60539	New
60276	60537	New
60276	60535	Known
60276	60533	Known
60276	60531	Known
60276	60529	Known
60276	60527	Known
60276	60525	Known
60276	60523	Known
60276	60521	Known
60276	60519	Known
60276	60517	Known
60276	60515	Known
60276	60513	Known
60276	60511	Known
60276	60509	Known
60276	60507	Known
60276	60505	Known
60276	60503	Known
60276	60501	Known
60276	60499	Known
60276	60497	Known
60276	60495	Known
60276	60493	Known
60276	60491	Known
60276	60489	Known
60276	60487	Known
60276	60485	Known
60276	60483	Known
60276	60481	Known
60276	60479	Known
60276	60477	Known
60276	60233	Known
60276	60474	Known
60276	60472	Known
60276	60470	Known
60276	60468	Known
60276	60466	Known
60276	60464	Known
60276	60462	New
60276	60460	Known
60276	60458	Known
60276	60456	Known
60276	60454	Known
60276	60452	Known
60276	60450	Known
60276	60448	Known
60276	60446	Known
60276	60444	Known
60276	60442	Known
60276	60440	Known
60276	60438	Known
60276	60436	Known
60276	60434	Known
60276	60432	Known
60276	60430	Known
60276	60428	Known
60276	60426	Known
60276	60424	Known
60276	60422	Known
60276	60420	Known
60276	60418	Known
60276	60416	Known
60276	60414	Known
60276	60412	Known
60276	60410	Known
60276	60408	Known
60276	60406	Known
60276	60404	Known
60276	60402	Known
60276	60400	Known
60276	60398	Known
60276	60396	Known
60276	60394	Known
60276	60392	Known
60276	60390	Known
60276	60388	New
60276	60386	New
60276	60384	Known
60276	60382	Known
60276	60380	Known
60276	60378	Known
60276	60376	Known
60276	60374	Known
60276	60276	Known
60276	60371	Known
60276	60369	New
60276	60367	New
60276	60365	Known
60276	60363	Known
60276	60361	Known
60276	60359	Known
60276	60357	Known
60276	60355	Known
60276	60353	Known
60276	60351	Known
60276	60349	Known
60276	60347	Known
60276	60345	Known
60276	60343	Known
60276	60341	Known
60276	60339	Known
60276	60337	Known
60276	60335	Known
60276	60333	Known
60276	60331	Known
60276	60329	Known
60276	60327	Known
60276	60325	Known
60276	60323	Known
60276	60321	Known
60276	60319	Known
60276	60317	Known
60276	60315	New
60276	60313	New
60276	60311	New
60276	60309	New
60276	60307	New
60276	60305	Known
60276	60303	Known
60276	60301	Known
60276	60299	Known
60276	60297	Known
60276	60295	Known
60276	60293	Known
60276	60291	Known
60276	60289	Known
60276	60287	Known
60276	60285	Known
60276	60283	Known
60276	60281	Known
60276	60279	Known
60276	60277	Known
60267	60274	Known
60267	60272	Known
60267	60270	Known
60267	60268	Known
60252	60265	Known
60252	60263	Known
60252	60261	Known
60252	60259	Known
60252	60257	Known
60252	60255	Known
60252	60253	Known
60239	60250	New
60239	60248	Known
60239	60246	Known
60239	60244	Known
60239	60242	Known
60239	60240	Known
60235	60237	New
60235	60235	New
60232	60233	New
60230	60230	Known
60182	60188	Known
60182	60186	Known
60182	60184	Known
60182	60182	Known
60182	60180	Known
60182	60178	Known
60172	60228	Known
60172	60226	New
60172	60224	Known
60172	60222	Known
60172	60220	New
60172	60218	New
60172	60216	Known
60172	60214	Known
60172	60212	Known
60172	60210	Known
60172	60208	Known
60172	60206	Known
60172	60204	Known
60172	60202	Known
60172	60200	Known
60172	60198	Known
60172	60196	Known
60172	60194	New
60172	60192	Known
60172	60190	Known
60172	60188	Known
60172	60186	Known
60172	60184	Known
60172	60182	Known
60172	60180	Known
60172	60178	Known
60172	60176	New
60172	60174	New
60172	60172	Known
60156	60170	New
60156	60168	Known
60156	60166	New
60156	60164	Known
60156	60162	New
60156	60160	Known
60156	60158	Known
60156	60156	Known
