source	target
7581	1486
7581	1484
7581	1482
7581	917
7581	915
7563	5998
7563	1725
7563	5949
7563	5947
7563	5945
7563	5943
7563	5941
7563	5758
7563	4269
7563	4267
7563	334
7563	332
7310	7317
7310	5427
7310	7314
7310	7312
7310	4978
7276	418
7276	523
7276	521
7276	519
7276	517
7276	515
7276	513
7276	511
7276	2353
7276	2351
7276	1124
7276	292
7276	290
7276	288
7276	4208
7276	4206
7276	4204
7260	1664
7260	1662
7260	1660
7260	1658
7260	1705
7260	1703
7242	7242
7242	1253
7242	1251
7235	5926
7226	5930
7226	5928
7226	5926
7226	5924
7226	5922
7226	5920
7226	7227
7115	7223
7115	7221
7115	7219
7115	7217
7115	7215
7115	7213
7115	2662
7115	2639
7115	2637
7115	2635
7115	2633
7115	2631
7115	2629
7115	2627
7115	6475
7115	7202
7115	7200
7115	7198
7115	7196
7115	7194
7115	7192
7115	803
7115	376
7115	374
7115	7187
7115	1709
7115	3082
7115	3080
7115	3078
7115	3076
7115	3074
7115	3072
7115	1656
7115	1654
7115	1652
7115	1650
7115	1648
7115	1646
7115	1644
7115	1642
7115	1640
7115	2287
7115	6452
7115	7167
7115	7165
7115	739
7115	4144
7115	5551
7115	2087
7115	2085
7115	2083
7115	2557
7115	2555
7115	719
7115	7154
7115	2235
7115	2233
7115	2960
7115	2958
7115	2956
7115	3690
7115	3688
7115	3672
7115	1423
7115	1421
7115	1419
7115	1417
7115	1415
7115	1413
7115	717
7115	7137
7115	7135
7115	7133
7115	7131
7115	7129
7115	3239
7115	709
7115	1961
7115	499
7115	1753
7115	2486
7115	2484
7115	294
7115	7119
7115	4495
7115	252
7115	250
7090	7098
7090	2017
7090	797
7090	1486
7090	1484
7090	1482
7090	3799
7090	3797
7065	1240
7065	7087
7065	2315
7065	4651
7065	4649
7065	4647
7065	4635
7065	1977
7065	7079
7065	917
7065	915
7065	5109
7065	3338
7065	302
7065	300
7065	298
7065	296
7065	2054
7065	495
7065	493
7065	1272
7065	4597
7053	6358
7053	6356
7053	7053
7053	7060
7053	7058
7053	7056
7053	7054
6965	6972
6965	1436
6965	6760
6965	6758
6965	6756
6965	6966
6849	6963
6849	6961
6849	2385
6849	6958
6849	4129
6849	6955
6849	6953
6849	6951
6849	859
6849	857
6849	855
6849	853
6849	6945
6849	6943
6849	6941
6849	6849
6849	4572
6849	6937
6849	6935
6849	6822
6849	6932
6849	6930
6849	6632
6849	6927
6849	6925
6849	6923
6849	6921
6849	6919
6849	6917
6849	735
6849	6914
6849	5538
6849	3747
6849	6052
6849	729
6849	727
6849	725
6849	6906
6849	6904
6849	6416
6849	6414
6849	6412
6849	6899
6849	6897
6849	6895
6849	6893
6849	6891
6849	1197
6849	1741
6849	6887
6849	6885
6849	6883
6849	6283
6849	6880
6849	6878
6849	904
6849	653
6849	6874
6849	6872
6849	6870
6849	6868
6849	554
6849	552
6849	6128
6849	454
6849	452
6849	450
6849	448
6849	446
6849	444
6849	442
6849	440
6849	438
6849	436
6849	434
6849	432
6849	430
6849	428
6849	4924
6493	6493
6493	2803
6493	7334
6493	7332
6493	7330
6493	7328
6493	7326
6493	7324
6493	7322
6493	2792
6493	2790
6493	2788
6346	6358
6346	6356
6346	400
6346	6346
6346	4399
6346	2998
6346	1211
6346	1209
6346	3690
6346	3688
6346	3672
6336	1541
6336	5228
6336	5226
6336	6341
6336	6336
6336	739
6336	1807
6336	244
6332	6334
6332	6332
6276	6276
6276	6278
6276	1211
6267	6272
6267	1523
6267	6267
6267	6268
6162	5282
6162	1897
6162	1895
6162	847
6162	2017
6162	797
6162	3311
6162	3309
6162	6146
6110	6114
6110	6112
6110	6110
6098	6102
6098	6100
6098	6098
6094	6096
6094	1131
6018	5268
6018	5266
6018	787
6018	783
6018	6018
6018	4553
6018	6020
6018	5466
6015	6016
6006	6006
6006	6004
6006	6002
6006	5818
6006	5816
5941	5998
5941	5949
5941	5947
5941	5945
5941	5943
5941	5941
5941	5758
5896	5899
5896	4669
5896	5896
5874	5874
5874	5872
5874	6841
5874	4647
5874	4635
5874	3761
5874	4810
5874	4808
5874	4806
5874	4804
5874	2741
5874	2746
5874	2744
5874	146
5874	144
5874	142
5874	140
5874	138
5874	136
5863	1566
5863	6801
5863	6079
5863	1556
5863	1554
5863	4686
5863	4684
5863	5961
5863	5863
5863	1535
5863	6341
5863	6336
5863	3163
5863	6788
5863	6070
5863	6068
5863	5615
5863	6065
5863	6063
5863	1455
5863	6780
5863	6778
5863	1638
5863	1636
5863	1634
5863	1632
5863	1630
5863	1628
5863	1626
5863	1624
5863	1622
5863	1620
5863	1618
5863	1616
5863	1614
5863	1612
5863	1610
5863	1436
5863	6760
5863	6758
5863	6756
5863	1423
5863	1421
5863	1419
5863	1417
5863	1415
5863	1413
5863	6748
5863	2486
5863	2484
5863	294
5863	3393
5863	3391
5863	3389
5863	3387
5863	6739
5863	1686
5863	1250
5863	126
5863	676
5863	6733
5863	6731
5861	418
5861	6710
5861	416
5861	525
5861	4690
5861	1925
5861	1664
5861	1662
5861	1660
5861	1658
5861	6329
5861	4686
5861	4684
5861	6697
5861	2371
5861	5268
5861	5266
5861	2660
5861	2658
5861	4669
5861	5253
5861	2782
5861	2780
5861	2778
5861	5881
5861	5861
5861	400
5861	398
5861	394
5861	815
5861	5232
5861	6323
5861	5842
5861	977
5861	975
5861	5835
5861	5833
5861	5831
5861	5829
5861	232
5861	230
5861	6276
5861	3765
5861	6666
5861	1872
5861	386
5861	384
5861	382
5861	5208
5861	182
5861	180
5861	1171
5861	6656
5861	5765
5861	787
5861	783
5861	4399
5861	380
5861	6018
5861	378
5861	5730
5861	1169
5861	4298
5861	4738
5861	6643
5861	4717
5861	547
5861	3102
5861	3100
5861	4665
5861	509
5861	1730
5861	1825
5861	1823
5861	6632
5861	4814
5861	6629
5861	6627
5861	4397
5861	4392
5861	6623
5861	6621
5861	3745
5861	3743
5861	3741
5861	4177
5861	1705
5861	1703
5861	3019
5861	2998
5861	1090
5861	1088
5861	1086
5861	1084
5861	2258
5861	344
5861	342
5861	340
5861	6603
5861	6601
5861	5551
5861	3909
5861	5548
5861	334
5861	332
5861	328
5861	326
5861	2251
5861	6591
5861	1427
5861	2245
5861	1213
5861	1211
5861	1209
5861	1205
5861	1080
5861	1425
5861	6581
5861	6579
5861	6577
5861	316
5861	3517
5861	1406
5861	2945
5861	2943
5861	6570
5861	6311
5861	3263
5861	3257
5861	3255
5861	2771
5861	2774
5861	2772
5861	308
5861	2450
5861	2455
5861	2453
5861	304
5861	5439
5861	5437
5861	5435
5861	1947
5861	6552
5861	2495
5861	2493
5861	6548
5861	687
5861	685
5861	130
5861	292
5861	290
5861	288
5861	1584
5861	1582
5861	1337
5861	1335
5861	1333
5861	1331
5861	564
5861	562
5861	560
5861	1191
5861	1187
5861	1149
5861	5379
5861	986
5861	6526
5861	1728
5861	656
5861	627
5861	276
5861	274
5861	272
5861	270
5861	4767
5861	4765
5861	6515
5861	248
5861	242
5861	209
5861	207
5861	205
5861	203
5861	113
5861	111
5861	109
5861	106
5861	104
5861	102
5861	100
5861	98
5861	96
5861	94
5861	4854
5853	5853
5853	5851
5851	3727
5851	2349
5851	5853
5851	5851
5851	3725
5851	3723
5781	6000
5781	5797
5781	5795
5781	5793
5781	5791
5781	5789
5781	5787
5781	5785
5781	5783
5781	5781
5300	5300
5295	5298
5295	619
5295	617
5290	5290
5290	906
5290	909
5290	907
5206	5881
5206	5206
5206	5204
5206	5202
5206	5200
5206	182
5206	180
5206	116
5206	108
5198	1173
5198	5092
4851	1940
4851	418
4851	5286
4851	1936
4851	2448
4851	5282
4851	1181
4851	416
4851	1562
4851	1925
4851	1664
4851	1662
4851	1660
4851	1658
4851	1921
4851	1919
4851	5270
4851	5268
4851	5266
4851	5264
4851	1545
4851	2365
4851	2639
4851	2637
4851	2635
4851	2633
4851	2631
4851	2629
4851	2627
4851	5253
4851	5251
4851	5249
4851	2782
4851	2780
4851	2778
4851	2363
4851	2361
4851	5242
4851	5240
4851	5238
4851	4576
4851	4574
4851	5234
4851	5232
4851	5230
4851	5228
4851	5226
4851	5224
4851	5222
4851	5220
4851	2444
4851	234
4851	232
4851	230
4851	1179
4851	1177
4851	1175
4851	386
4851	384
4851	382
4851	5208
4851	5206
4851	5204
4851	5202
4851	5200
4851	5198
4851	2017
4851	797
4851	378
4851	376
4851	374
4851	372
4851	370
4851	5189
4851	5187
4851	4851
4851	5184
4851	3123
4851	3121
4851	4298
4851	4741
4851	4296
4851	4738
4851	4736
4851	4827
4851	4825
4851	4823
4851	4821
4851	4819
4851	4817
4851	757
4851	5168
4851	368
4851	3094
4851	1126
4851	3330
4851	3328
4851	1711
4851	969
4851	967
4851	501
4851	3647
4851	3645
4851	5155
4851	5153
4851	5151
4851	5149
4851	5147
4851	3635
4851	2587
4851	2585
4851	1112
4851	1110
4851	1108
4851	1106
4851	1104
4851	1102
4851	1100
4851	1098
4851	1096
4851	1094
4851	1092
4851	3004
4851	3002
4851	3000
4851	2998
4851	2996
4851	875
4851	873
4851	871
4851	1173
4851	3974
4851	3972
4851	3970
4851	2557
4851	2555
4851	5117
4851	5115
4851	5113
4851	5111
4851	5109
4851	314
4851	312
4851	310
4851	150
4851	3799
4851	3797
4851	4060
4851	5100
4851	2524
4851	2522
4851	2520
4851	2518
4851	3535
4851	306
4851	5092
4851	5090
4851	1969
4851	1967
4851	1965
4851	1963
4851	1961
4851	2907
4851	499
4851	3487
4851	954
4851	952
4851	950
4851	948
4851	946
4851	1947
4851	5074
4851	5072
4851	1040
4851	1038
4851	1036
4851	1034
4851	1032
4851	1030
4851	3617
4851	1777
4851	1775
4851	1773
4851	5060
4851	1771
4851	1769
4851	5056
4851	2495
4851	2493
4851	1600
4851	1598
4851	1596
4851	1686
4851	4215
4851	4213
4851	292
4851	290
4851	288
4851	904
4851	286
4851	284
4851	282
4851	280
4851	278
4851	5037
4851	5035
4851	5033
4851	5031
4851	5029
4851	1270
4851	1268
4851	1266
4851	1264
4851	5023
4851	5021
4851	5019
4851	5017
4851	5015
4851	1262
4851	1260
4851	1258
4851	1256
4851	1059
4851	1057
4851	1055
4851	2120
4851	2118
4851	639
4851	637
4851	5002
4851	5000
4851	4998
4851	926
4851	924
4851	4994
4851	4992
4851	4990
4851	256
4851	4987
4851	254
4851	252
4851	250
4851	248
4851	246
4851	4430
4851	4428
4851	4978
4851	4976
4851	4974
4851	4972
4851	2461
4851	4969
4851	4967
4851	4965
4851	4963
4851	4961
4851	4959
4851	454
4851	452
4851	450
4851	448
4851	446
4851	444
4851	442
4851	440
4851	438
4851	436
4851	434
4851	432
4851	430
4851	428
4851	426
4851	420
4851	244
4851	242
4851	202
4851	211
4851	209
4851	207
4851	205
4851	203
4851	188
4851	193
4851	191
4851	189
4851	116
4851	108
4851	113
4851	111
4851	109
4851	4924
4851	4922
4851	4920
4851	4918
4851	4916
4851	4914
4851	4912
4851	4910
4851	4908
4851	4906
4851	2785
4851	4903
4851	4901
4851	106
4851	104
4851	102
4851	100
4851	98
4851	96
4851	94
4851	92
4851	90
4851	88
4851	86
4851	85
4851	1253
4851	1251
4851	4595
4851	4884
4851	4882
4851	4880
4851	4878
4851	4876
4851	4874
4851	4872
4851	4870
4851	71
4851	72
4851	630
4851	628
4851	4864
4851	4862
4851	4860
4851	4858
4851	4856
4851	4854
4851	4852
4761	2385
4761	3224
4761	4845
4761	4843
4761	3946
4761	4840
4761	4838
4761	2325
4761	2323
4761	2321
4761	2319
4761	4761
4761	1486
4761	1484
4761	1482
4761	3944
4761	4827
4761	4825
4761	4823
4761	4821
4761	4819
4761	4817
4761	757
4761	4814
4761	4812
4761	4810
4761	4808
4761	4806
4761	4804
4761	4802
4761	4800
4761	4798
4761	1427
4761	2245
4761	2243
4761	2241
4761	2239
4761	2237
4761	2945
4761	2943
4761	4788
4761	4786
4761	4784
4761	4782
4761	4780
4761	3922
4761	4777
4761	4215
4761	4213
4761	4773
4761	4771
4761	4769
4761	4767
4761	4765
4761	2840
4761	1253
4761	1251
4731	4753
4731	1240
4731	1238
4731	1236
4731	1234
4731	4747
4731	4745
4731	4731
4731	4298
4731	4741
4731	4296
4731	4738
4731	4736
4731	549
4731	539
4731	537
4731	535
4713	4729
4713	4727
4713	4725
4713	4723
4713	4721
4713	4719
4713	4717
4713	4715
4713	4713
4705	3228
4705	3226
4705	3112
4705	3110
4705	3108
4705	3106
4705	3104
4694	4695
4688	4692
4688	4688
4688	4686
4688	4684
4688	5961
4688	4679
4688	3519
4688	3517
4688	3515
4679	4692
4679	4690
4679	4688
4679	4686
4679	4684
4679	4679
4679	1167
4679	3102
4679	3100
4675	4677
4675	4675
4665	4673
4665	4671
4665	4669
4665	4667
4665	4665
4647	4647
4647	4635
4635	2394
4635	1917
4635	1915
4635	1913
4635	1911
4635	1909
4635	1907
4635	1905
4635	4651
4635	4649
4635	4647
4635	4635
4635	2271
4635	2269
4635	2267
4635	2265
4635	2263
4635	2261
4635	1977
4635	917
4635	915
4635	709
4623	4633
4623	4623
4623	1120
4623	1118
4623	302
4623	300
4623	298
4623	296
4623	4624
4619	170
4619	4620
4576	6817
4576	6815
4576	6813
4576	6811
4576	6809
4576	6807
4559	4559
4559	3765
4488	4488
4488	4489
4427	1248
4427	894
4427	1825
4427	1823
4427	1821
4427	4427
4427	4445
4427	4443
4427	1120
4427	1118
4427	531
4427	3767
4427	4437
4427	294
4427	4434
4427	122
4427	120
4427	4430
4427	4428
4413	4413
4413	4424
4413	4422
4413	4420
4413	4418
4413	4416
4413	4414
4410	4410
4410	3747
4406	3330
4406	3328
4406	1711
4397	400
4397	398
4397	4399
4397	2998
4392	4392
4392	1080
4392	1584
4392	1582
4333	4339
4333	4337
4333	4335
4333	4333
4333	4327
4333	4330
4333	4328
4327	4339
4327	4337
4327	4335
4327	4333
4327	4327
4327	4330
4327	4328
4325	4325
4317	4323
4317	4321
4317	4317
4317	909
4317	907
4292	4298
4292	4296
4292	4294
4292	4292
4275	4285
4275	4283
4275	4281
4275	4279
4275	4277
4275	4275
4199	4273
4199	2353
4199	2351
4199	4269
4199	4267
4199	2733
4199	3759
4199	747
4199	745
4199	743
4199	877
4199	4259
4199	4257
4199	4199
4199	4254
4199	4252
4199	4250
4199	4248
4199	4246
4199	2713
4199	1638
4199	1636
4199	1634
4199	1632
4199	1630
4199	1628
4199	1626
4199	4236
4199	2087
4199	2085
4199	2083
4199	2692
4199	2231
4199	2229
4199	1423
4199	1421
4199	1419
4199	1417
4199	1415
4199	1413
4199	1040
4199	1038
4199	1036
4199	1034
4199	1032
4199	1030
4199	683
4199	4215
4199	4213
4199	1302
4199	2669
4199	2667
4199	4208
4199	4206
4199	4204
4199	4202
4199	4200
4197	4197
4180	3745
4180	3743
4180	3741
4180	4180
4174	1730
4174	4177
4174	4175
4150	3316
4150	3314
4150	2342
4150	3902
4150	4168
4150	4166
4150	1114
4150	4163
4150	4161
4150	4159
4150	4150
4150	3023
4150	3021
4150	4154
4150	1201
4150	2210
4150	2208
4144	4148
4144	4146
4144	4144
4104	4131
4104	4129
4104	234
4104	232
4104	230
4104	4124
4104	4122
4104	4120
4104	4118
4104	4116
4104	4114
4104	4112
4104	4110
4104	4108
4104	4106
4104	202
4081	531
4081	4081
4079	4100
4079	531
4079	4083
4079	4081
4079	4079
4050	4102
4050	4100
4050	4098
4050	2363
4050	2361
4050	4094
4050	2017
4050	797
4050	2340
4050	1866
4050	1864
4050	1862
4050	4086
4050	531
4050	4083
4050	4081
4050	4079
4050	4077
4050	3654
4050	3652
4050	3650
4050	4050
4050	4071
4050	1049
4050	1201
4050	2210
4050	2208
4050	3799
4050	3797
4050	83
4050	4062
4050	4060
4050	2190
4050	4057
4050	4055
4050	4053
4050	452
4050	450
4042	1899
4042	4042
4042	4046
4042	1801
4042	4043
3979	2363
3979	2361
3979	1222
3979	1825
3979	1823
3979	1821
3979	3979
3979	3977
3979	3654
3979	3652
3979	3650
3979	1807
3979	3647
3979	3645
3979	3056
3979	3054
3979	3641
3979	3639
3979	3637
3979	3965
3979	3974
3979	3972
3979	3970
3979	1795
3979	3630
3979	3617
3979	134
3979	132
3979	130
3979	128
3979	3611
3979	3609
3979	1283
3979	96
3979	94
3977	4359
3977	4357
3977	4355
3977	4353
3977	268
3965	1222
3965	3979
3965	3977
3965	3965
3965	3974
3965	3972
3965	3970
3965	134
3965	132
3965	130
3965	128
3911	3224
3911	3949
3911	847
3911	3946
3911	3944
3911	3942
3911	3761
3911	871
3911	3911
3911	1999
3911	1997
3911	1995
3911	1993
3911	1991
3911	1989
3911	1987
3911	1985
3911	1983
3911	1981
3911	1979
3911	1977
3911	1427
3911	2945
3911	2943
3911	3922
3911	2849
3911	3919
3911	2840
3911	3916
3911	3914
3911	3912
3909	3909
3888	3902
3888	3888
3888	3899
3888	3897
3888	3895
3888	3893
3888	3891
3888	3889
3885	3883
3885	3881
3881	3883
3881	3881
3816	672
3816	670
3816	668
3816	666
3816	664
3816	662
3816	286
3816	284
3816	282
3816	280
3816	278
3814	3814
3803	236
3803	3962
3803	3960
3803	3958
3803	2313
3803	2311
3803	302
3803	300
3803	298
3803	296
3767	1751
3767	795
3767	3785
3767	3783
3767	3781
3767	3779
3767	3767
3767	2231
3767	2229
3767	2418
3767	1739
3767	454
3767	452
3767	450
3767	448
3767	446
3767	444
3747	3765
3747	376
3747	374
3747	3761
3747	3759
3747	3747
3747	1201
3747	2206
3747	2204
3747	2202
3747	2200
3747	2198
3747	1969
3747	1967
3747	1965
3747	1963
3738	3745
3738	3743
3738	3741
3738	3738
3738	336
3735	334
3735	332
3729	3733
3729	3731
3729	3729
3719	3727
3719	3725
3719	3723
3719	3721
3719	3719
3672	2003
3672	2001
3672	1999
3672	1997
3672	1995
3672	1993
3672	1991
3672	1989
3672	1987
3672	1985
3672	1983
3672	1981
3672	1979
3672	1977
3672	1975
3672	1973
3672	1971
3672	3690
3672	3688
3672	3672
3672	1969
3672	1967
3672	1965
3672	1963
3672	1961
3672	1959
3672	1957
3672	1955
3672	1953
3672	1951
3672	1949
3672	1947
3672	1945
3672	1943
3670	3670
3652	4100
3652	531
3652	4083
3652	4081
3652	4079
3528	3594
3528	523
3528	521
3528	1751
3528	3589
3528	3587
3528	3585
3528	3583
3528	3581
3528	3167
3528	3165
3528	1515
3528	1513
3528	1511
3528	1509
3528	1507
3528	1505
3528	1503
3528	1501
3528	1499
3528	1497
3528	1495
3528	1493
3528	226
3528	224
3528	222
3528	220
3528	218
3528	216
3528	214
3528	3558
3528	3556
3528	3554
3528	3528
3528	2541
3528	2539
3528	2537
3528	2535
3528	2533
3528	3265
3528	3263
3528	3261
3528	3259
3528	3257
3528	3255
3528	711
3528	3252
3528	3250
3528	3248
3528	3246
3528	3535
3528	3533
3528	2907
3528	1739
3528	2141
3528	202
3522	3526
3522	3524
3522	3522
3514	3514
3514	3519
3514	3517
3514	3515
3486	1851
3486	354
3486	352
3486	350
3486	330
3486	328
3486	326
3486	324
3486	3486
3486	3489
3486	3487
3475	3484
3475	3482
3475	3480
3475	3478
3475	3476
3471	3465
3471	3468
3471	3466
3465	3465
3465	3468
3465	3466
3463	5282
3463	3463
3463	1531
3463	2303
3463	2301
3463	2299
3463	7357
3463	3416
3463	3414
3463	3412
3463	336
3463	1406
3463	314
3463	312
3463	310
3463	2932
3463	308
3463	3393
3463	3391
3463	3389
3463	3387
3463	5418
3463	3385
3463	3383
3463	909
3463	907
3365	1484
3365	1482
3365	3365
3337	396
3337	392
3337	390
3337	388
3337	366
3337	364
3337	360
3337	358
3337	322
3337	320
3337	3353
3337	3351
3337	3349
3337	3347
3337	3345
3337	3343
3337	3341
3337	3337
3337	3338
3330	3330
3330	3328
3330	1711
3324	2436
3324	3334
3324	3332
3324	3330
3324	3328
3324	3324
3324	3325
3285	1751
3285	3295
3285	3293
3285	3291
3285	3289
3285	1739
3285	3286
3283	3283
3279	3279
3279	3280
3272	3277
3272	2087
3272	2085
3272	2083
3272	3272
3270	3270
3243	3268
3243	3243
3243	3265
3243	3263
3243	3261
3243	3259
3243	3257
3243	3255
3243	711
3243	3252
3243	3250
3243	3248
3243	3246
3243	3244
3218	418
3218	2448
3218	527
3218	525
3218	1560
3218	2755
3218	865
3218	5268
3218	5266
3218	1897
3218	1895
3218	1545
3218	6945
3218	6943
3218	2625
3218	2623
3218	410
3218	408
3218	406
3218	1751
3218	1531
3218	2349
3218	2444
3218	6272
3218	1523
3218	6267
3218	6268
3218	382
3218	7532
3218	5206
3218	1171
3218	2017
3218	797
3218	2342
3218	4399
3218	775
3218	773
3218	771
3218	769
3218	767
3218	765
3218	3136
3218	763
3218	761
3218	759
3218	3131
3218	1169
3218	3942
3218	2436
3218	2606
3218	2604
3218	2602
3218	2600
3218	2598
3218	2596
3218	2594
3218	2592
3218	509
3218	507
3218	505
3218	503
3218	1120
3218	1118
3218	501
3218	2279
3218	2433
3218	2431
3218	3019
3218	2587
3218	2585
3218	1112
3218	1110
3218	1108
3218	1106
3218	1104
3218	1102
3218	1100
3218	1098
3218	1096
3218	1094
3218	1092
3218	3004
3218	3002
3218	3000
3218	7475
3218	5548
3218	5546
3218	5544
3218	5542
3218	5540
3218	2251
3218	2948
3218	1406
3218	7465
3218	2932
3218	1392
3218	2929
3218	2753
3218	2751
3218	2749
3218	2741
3218	2746
3218	2744
3218	2742
3218	308
3218	2516
3218	1387
3218	1385
3218	1383
3218	1381
3218	1959
3218	1957
3218	1955
3218	1953
3218	1951
3218	1949
3218	1017
3218	304
3218	499
3218	3487
3218	2041
3218	2039
3218	2037
3218	2035
3218	2033
3218	2031
3218	2029
3218	1044
3218	695
3218	693
3218	1040
3218	1038
3218	1036
3218	1034
3218	1032
3218	1030
3218	1739
3218	2495
3218	2493
3218	687
3218	685
3218	1945
3218	1943
3218	292
3218	290
3218	288
3218	1337
3218	1335
3218	1333
3218	1331
3218	1329
3218	1327
3218	1325
3218	1323
3218	5399
3218	2139
3218	1149
3218	1164
3218	1162
3218	1160
3218	1076
3218	1157
3218	1155
3218	1153
3218	1151
3218	2673
3218	1029
3218	286
3218	284
3218	282
3218	280
3218	278
3218	264
3218	262
3218	260
3218	258
3218	2408
3218	256
3218	254
3218	252
3218	250
3218	96
3218	94
3218	92
3218	90
3218	88
3218	86
3123	3123
3123	3121
3112	3228
3112	3226
3112	3112
3112	3110
3112	3108
3112	3106
3112	3104
3104	3461
3096	3096
3096	1474
3082	2641
3082	3082
3082	3080
3082	3078
3082	3076
3082	3074
3082	3072
3082	1656
3082	1654
3082	1652
3082	1650
3082	1648
3082	1646
3082	1644
3082	1642
3082	1640
3082	4374
3082	356
3082	3048
3082	3046
3082	3044
3082	3042
3082	3040
3082	3038
3082	3036
3082	3034
3082	3032
3082	3030
3082	1116
3082	3027
3062	3068
3062	3066
3062	3064
3062	3062
3046	3048
3046	3046
3046	3044
3046	3042
3046	3040
3046	3038
3046	3036
3046	3034
3046	3032
3046	3030
3046	1116
3046	3027
2958	2235
2958	2233
2958	2960
2958	2958
2807	2821
2807	2819
2807	2817
2807	2815
2807	2813
2807	2784
2807	2810
2807	2808
2784	2805
2784	2803
2784	2801
2784	2799
2784	2797
2784	2784
2784	2794
2784	2792
2784	2790
2784	2788
2784	246
2784	2785
2771	2782
2771	2780
2771	2778
2771	783
2771	2771
2771	2774
2771	2772
2757	2769
2757	2767
2757	2765
2757	2763
2757	2761
2757	2759
2757	2757
2741	2755
2741	2753
2741	2751
2741	2749
2741	2741
2741	2746
2741	2744
2741	2742
2699	2683
2699	2681
2699	2679
2699	2677
2699	2675
2699	2671
2699	2669
2699	2667
2699	2665
2646	2660
2646	2658
2646	2656
2646	2654
2646	2644
2646	1545
2646	1171
2646	1149
2646	1164
2621	2621
2621	2619
2621	2617
2621	2615
2621	2613
2621	2611
2450	2458
2450	2450
2450	2455
2450	2453
2450	2451
2446	2446
2446	410
2446	408
2446	406
2438	2440
2438	2438
2405	2448
2405	2446
2405	2444
2405	2442
2405	2440
2405	2438
2405	2436
2405	2279
2405	2433
2405	2431
2405	2429
2405	2427
2405	2251
2405	2424
2405	2405
2405	2421
2405	699
2405	2418
2405	2416
2405	2414
2405	2412
2405	2410
2405	2408
2405	2406
2396	2403
2396	2401
2396	2399
2396	2397
2371	5268
2371	5266
2357	2429
2357	2414
2357	2412
2342	3461
2342	6159
2342	6157
2342	797
2342	795
2342	3316
2342	3314
2342	2342
2342	2340
2342	1866
2342	1864
2342	1862
2342	6146
2342	1486
2342	1484
2342	1482
2342	1440
2342	6140
2342	3814
2342	3799
2342	3797
2342	1753
2342	286
2342	284
2342	282
2342	280
2342	278
2342	2406
2342	6128
2342	6126
2342	6124
2342	6122
2342	6120
2342	6118
2342	6116
2295	4593
2295	4102
2295	1658
2295	4589
2295	4587
2295	2644
2295	1545
2295	825
2295	4582
2295	4580
2295	2363
2295	2361
2295	4576
2295	4574
2295	4572
2295	4570
2295	4568
2295	4566
2295	4564
2295	4094
2295	4561
2295	4559
2295	4557
2295	4555
2295	4553
2295	4086
2295	3100
2295	741
2295	4548
2295	4546
2295	4544
2295	4542
2295	4540
2295	4538
2295	4536
2295	4534
2295	4532
2295	4530
2295	3690
2295	3688
2295	3672
2295	4525
2295	4523
2295	1777
2295	1775
2295	1773
2295	1771
2295	1769
2295	4516
2295	4514
2295	1691
2295	1683
2295	1688
2295	4509
2295	4507
2295	4505
2295	4503
2295	4501
2295	4499
2295	4497
2295	4495
2295	1059
2295	1057
2295	1055
2287	2291
2287	2289
2287	2287
2287	739
2258	416
2258	2662
2258	2641
2258	2639
2258	2637
2258	2635
2258	2633
2258	2631
2258	2629
2258	2627
2258	378
2258	376
2258	374
2258	2291
2258	2289
2258	1638
2258	1636
2258	1634
2258	1632
2258	1630
2258	1628
2258	1626
2258	1624
2258	1622
2258	1620
2258	1618
2258	1616
2258	1614
2258	1612
2258	1610
2258	2258
2258	2557
2258	2555
2258	2553
2258	2551
2258	2549
2258	2547
2258	2545
2258	2543
2258	1201
2258	2530
2258	2528
2258	2526
2258	3997
2258	1040
2258	1038
2258	1036
2258	1034
2258	1032
2258	1030
2258	2486
2258	2484
2258	294
2258	3986
2215	1228
2215	1226
2215	1224
2215	715
2215	1969
2215	1967
2215	1965
2215	1963
2215	302
2215	300
2215	298
2215	296
2215	691
2208	865
2208	3321
2208	3319
2208	795
2208	3316
2208	3314
2208	2342
2208	3311
2208	3309
2208	2210
2208	2208
2208	1044
2208	695
2208	693
2208	1040
2208	1038
2208	1036
2208	1034
2208	1032
2208	1030
2188	2736
2188	2295
2188	2733
2188	2731
2188	1124
2188	749
2188	2727
2188	2725
2188	2723
2188	2721
2188	2719
2188	2717
2188	2715
2188	2713
2188	1999
2188	1997
2188	1995
2188	1993
2188	1991
2188	1989
2188	1987
2188	1985
2188	1983
2188	1981
2188	1979
2188	1977
2188	2699
2188	2087
2188	2085
2188	2083
2188	2694
2188	2692
2188	2690
2188	2688
2188	2686
2188	2188
2188	2683
2188	2681
2188	2679
2188	2677
2188	2675
2188	2673
2188	2671
2188	2669
2188	2667
2188	2665
2109	2048
2109	2111
2109	2109
2085	3812
2085	1919
2085	3316
2085	3314
2085	2342
2085	1866
2085	1864
2085	1862
2085	3803
2085	917
2085	915
2085	3799
2085	3797
2085	2044
2085	2077
2085	2075
2085	2073
2085	302
2085	300
2085	298
2085	296
2054	1947
2054	2054
2046	3601
2046	3599
2046	2050
2046	2048
2046	2046
2025	797
2025	795
2025	2050
2025	2048
2025	2046
2025	2044
2025	2025
2025	2041
2025	2039
2025	2037
2025	2035
2025	2033
2025	2031
2025	2029
2025	1308
2025	1253
2025	1251
2005	2023
2005	2021
2005	2019
2005	2017
2005	797
2005	1866
2005	1864
2005	1862
2005	2011
2005	2009
2005	2007
2005	2005
2001	1090
2001	1088
2001	1086
2001	1084
2001	2001
2001	1427
1942	2003
1942	2001
1942	1999
1942	1997
1942	1995
1942	1993
1942	1991
1942	1989
1942	1987
1942	1985
1942	1983
1942	1981
1942	1979
1942	1977
1942	1975
1942	1973
1942	1971
1942	1969
1942	1967
1942	1965
1942	1963
1942	1961
1942	1959
1942	1957
1942	1955
1942	1953
1942	1951
1942	1949
1942	1947
1942	1945
1942	1943
1925	209
1901	851
1901	849
1901	1080
1899	1899
1851	3231
1851	5890
1851	5888
1851	5886
1851	2782
1851	2780
1851	2778
1851	2345
1851	3150
1851	6083
1817	234
1817	232
1817	230
1817	1126
1817	1817
1817	202
1799	1799
1753	1940
1753	1938
1753	1936
1753	1934
1753	1932
1753	1930
1753	1928
1753	1560
1753	1925
1753	1923
1753	1921
1753	1919
1753	1917
1753	1915
1753	1913
1753	1911
1753	1909
1753	1907
1753	1905
1753	1903
1753	1901
1753	1899
1753	1897
1753	1895
1753	1893
1753	979
1753	1890
1753	1888
1753	1886
1753	1144
1753	1142
1753	1140
1753	1138
1753	813
1753	811
1753	1878
1753	1876
1753	1874
1753	1872
1753	1870
1753	1868
1753	1866
1753	1864
1753	1862
1753	1860
1753	1858
1753	1856
1753	791
1753	1853
1753	1851
1753	1849
1753	1847
1753	1845
1753	1843
1753	1841
1753	1839
1753	1837
1753	1835
1753	1486
1753	1484
1753	1482
1753	1830
1753	1828
1753	1126
1753	1825
1753	1823
1753	1821
1753	1819
1753	1817
1753	1815
1753	1813
1753	1811
1753	1809
1753	1807
1753	965
1753	963
1753	1108
1753	1049
1753	1801
1753	1799
1753	1797
1753	1795
1753	1793
1753	1791
1753	83
1753	1387
1753	1385
1753	1383
1753	1381
1753	306
1753	1783
1753	1781
1753	1779
1753	1777
1753	1775
1753	1773
1753	1771
1753	1769
1753	1767
1753	1765
1753	1753
1753	1762
1753	683
1753	1759
1753	242
1753	209
1753	207
1753	205
1753	203
1751	1751
1751	6822
1751	3767
1736	1751
1736	715
1736	1394
1736	1747
1736	302
1736	300
1736	298
1736	296
1736	1741
1736	1739
1736	1737
1727	1664
1727	1662
1727	1660
1727	1658
1727	1730
1727	1728
1683	1725
1683	1723
1683	1721
1683	1719
1683	1717
1683	1715
1683	1713
1683	1711
1683	1709
1683	1707
1683	1705
1683	1703
1683	1455
1683	1429
1683	1699
1683	1697
1683	1695
1683	1693
1683	1691
1683	1683
1683	1688
1683	1686
1683	270
1683	268
1673	1673
1673	1680
1673	1678
1673	1676
1673	1674
1667	1090
1667	1088
1667	1086
1667	1084
1667	1667
1602	416
1602	2662
1602	2660
1602	2658
1602	2656
1602	2654
1602	2652
1602	2650
1602	2648
1602	2646
1602	2644
1602	1545
1602	2641
1602	2639
1602	2637
1602	2635
1602	2633
1602	2631
1602	2629
1602	2627
1602	2625
1602	2623
1602	2621
1602	2619
1602	2617
1602	2615
1602	2613
1602	2611
1602	378
1602	376
1602	374
1602	2606
1602	2604
1602	2602
1602	2600
1602	2598
1602	2596
1602	2594
1602	2592
1602	2291
1602	2289
1602	354
1602	2587
1602	2585
1602	1112
1602	1110
1602	1108
1602	1106
1602	1104
1602	1102
1602	1100
1602	1098
1602	1096
1602	1094
1602	1092
1602	1638
1602	1636
1602	1634
1602	1632
1602	1630
1602	1628
1602	1626
1602	1624
1602	1622
1602	1620
1602	1618
1602	1616
1602	1614
1602	1612
1602	1610
1602	2557
1602	2555
1602	2553
1602	2551
1602	2549
1602	2547
1602	2545
1602	2543
1602	2541
1602	2539
1602	2537
1602	2535
1602	2533
1602	1201
1602	2530
1602	2528
1602	2526
1602	2524
1602	2522
1602	2520
1602	2518
1602	2516
1602	306
1602	1969
1602	1967
1602	1965
1602	1963
1602	1961
1602	1604
1602	1602
1602	2506
1602	2011
1602	2009
1602	2007
1602	1040
1602	1038
1602	1036
1602	1034
1602	1032
1602	1030
1602	2495
1602	2493
1602	1600
1602	1598
1602	1596
1602	687
1602	685
1602	2486
1602	2484
1602	294
1602	1945
1602	1943
1602	1149
1602	1164
1602	1162
1602	1160
1602	1076
1602	1157
1602	1155
1602	1153
1602	1151
1602	2470
1602	2468
1602	2466
1602	2464
1602	480
1602	2461
1602	85
1586	1560
1586	1664
1586	1662
1586	1660
1586	1658
1586	1656
1586	1654
1586	1652
1586	1650
1586	1648
1586	1646
1586	1644
1586	1642
1586	1640
1586	1638
1586	1636
1586	1634
1586	1632
1586	1630
1586	1628
1586	1626
1586	1624
1586	1622
1586	1620
1586	1618
1586	1616
1586	1614
1586	1612
1586	1610
1586	1387
1586	1385
1586	1383
1586	1381
1586	1604
1586	1602
1586	1600
1586	1598
1586	1596
1586	942
1586	940
1586	938
1586	936
1586	934
1586	932
1586	1355
1586	1353
1586	1351
1577	1584
1577	1582
1577	1577
1577	1191
1577	1189
1577	1187
1568	1575
1568	1573
1568	1571
1568	1569
1533	6729
1533	6727
1533	2353
1533	2351
1533	6341
1533	6336
1533	6721
1533	5665
1533	3601
1533	3599
1533	126
1533	676
1533	4208
1533	4206
1533	4204
1488	1129
1488	1488
1438	523
1438	521
1438	519
1438	517
1438	515
1438	513
1438	511
1438	1535
1438	3871
1438	458
1438	456
1438	3867
1438	3865
1438	791
1438	1486
1438	1484
1438	1482
1438	1828
1438	1815
1438	1813
1438	1811
1438	1809
1438	1705
1438	1703
1438	1438
1438	1427
1438	3850
1438	3848
1438	3846
1438	3844
1438	3842
1438	709
1438	1361
1438	676
1438	3607
1438	3605
1411	3668
1411	3461
1411	2363
1411	2361
1411	3663
1411	3661
1411	3659
1411	1825
1411	1823
1411	1821
1411	3654
1411	3652
1411	3650
1411	1807
1411	3647
1411	3645
1411	3056
1411	3054
1411	3641
1411	3639
1411	3637
1411	3635
1411	3633
1411	1411
1411	3630
1411	3628
1411	3626
1411	3624
1411	3622
1411	3620
1411	1376
1411	3617
1411	3615
1411	3613
1411	3611
1411	3609
1411	3607
1411	3605
1411	1253
1411	1251
1402	1402
1392	418
1392	1564
1392	3235
1392	3233
1392	3231
1392	416
1392	3228
1392	3226
1392	3224
1392	3222
1392	2755
1392	865
1392	3218
1392	3216
1392	884
1392	882
1392	2662
1392	2660
1392	2658
1392	2656
1392	2654
1392	2652
1392	2650
1392	236
1392	2648
1392	2646
1392	2644
1392	1545
1392	2641
1392	2639
1392	2637
1392	2635
1392	2633
1392	2631
1392	2629
1392	2627
1392	921
1392	919
1392	2625
1392	2623
1392	2003
1392	1535
1392	1531
1392	3185
1392	3183
1392	813
1392	811
1392	809
1392	807
1392	805
1392	3176
1392	1868
1392	3173
1392	3171
1392	3169
1392	3167
1392	3165
1392	3163
1392	2017
1392	797
1392	795
1392	3158
1392	2621
1392	2619
1392	2617
1392	2615
1392	2613
1392	2611
1392	3150
1392	1228
1392	1226
1392	1224
1392	378
1392	376
1392	374
1392	775
1392	773
1392	771
1392	769
1392	767
1392	765
1392	3136
1392	763
1392	761
1392	759
1392	3131
1392	3129
1392	3127
1392	3125
1392	3123
1392	3121
1392	1486
1392	1484
1392	1482
1392	547
1392	545
1392	543
1392	541
1392	3112
1392	3110
1392	3108
1392	3106
1392	3104
1392	3102
1392	3100
1392	3098
1392	3096
1392	3094
1392	1825
1392	1823
1392	1821
1392	3089
1392	3087
1392	3085
1392	1709
1392	3082
1392	3080
1392	3078
1392	3076
1392	3074
1392	3072
1392	2291
1392	2289
1392	3068
1392	3066
1392	3064
1392	3062
1392	501
1392	739
1392	3058
1392	3056
1392	3054
1392	3052
1392	3050
1392	3048
1392	3046
1392	3044
1392	3042
1392	3040
1392	3038
1392	3036
1392	3034
1392	3032
1392	3030
1392	1116
1392	3027
1392	3025
1392	3023
1392	3021
1392	3019
1392	2587
1392	2585
1392	1112
1392	1110
1392	1108
1392	1106
1392	1104
1392	1102
1392	1100
1392	1098
1392	1096
1392	1094
1392	1092
1392	3004
1392	3002
1392	3000
1392	2998
1392	2996
1392	1638
1392	1636
1392	1634
1392	1632
1392	1630
1392	1628
1392	1626
1392	1624
1392	1622
1392	1620
1392	1618
1392	1616
1392	1614
1392	1612
1392	1610
1392	1799
1392	1440
1392	1438
1392	2976
1392	2974
1392	2972
1392	2970
1392	2968
1392	2966
1392	2964
1392	336
1392	1427
1392	2960
1392	2958
1392	2956
1392	2553
1392	2551
1392	2549
1392	2547
1392	2545
1392	2543
1392	2948
1392	1406
1392	2945
1392	2943
1392	2541
1392	2539
1392	2537
1392	2535
1392	2533
1392	1396
1392	2530
1392	2528
1392	2526
1392	2932
1392	1392
1392	2929
1392	2744
1392	2742
1392	308
1392	2516
1392	306
1392	1969
1392	1967
1392	1965
1392	1963
1392	1961
1392	1604
1392	1602
1392	2915
1392	1959
1392	1957
1392	1955
1392	1953
1392	1951
1392	1949
1392	2907
1392	1017
1392	2904
1392	499
1392	695
1392	693
1392	2683
1392	2681
1392	2679
1392	2677
1392	2675
1392	1365
1392	2495
1392	2493
1392	1600
1392	1598
1392	1596
1392	687
1392	685
1392	2486
1392	2484
1392	294
1392	1945
1392	1943
1392	2157
1392	942
1392	940
1392	938
1392	936
1392	934
1392	932
1392	292
1392	290
1392	288
1392	1337
1392	1335
1392	1333
1392	1331
1392	1329
1392	1327
1392	1325
1392	1323
1392	2139
1392	1149
1392	1164
1392	1162
1392	1160
1392	1076
1392	1157
1392	1155
1392	1153
1392	1151
1392	2673
1392	1298
1392	1296
1392	1294
1392	2849
1392	1283
1392	1281
1392	286
1392	284
1392	282
1392	280
1392	278
1392	2840
1392	1272
1392	254
1392	252
1392	250
1392	248
1392	106
1392	104
1392	102
1392	100
1392	98
1392	96
1392	94
1392	92
1392	90
1392	88
1392	86
1392	85
1250	1566
1250	1564
1250	1562
1250	1560
1250	1558
1250	1556
1250	1554
1250	523
1250	521
1250	519
1250	517
1250	515
1250	513
1250	511
1250	1545
1250	921
1250	919
1250	1541
1250	819
1250	817
1250	1537
1250	1535
1250	1533
1250	1531
1250	458
1250	456
1250	1527
1250	1525
1250	1523
1250	973
1250	1228
1250	1226
1250	1224
1250	376
1250	374
1250	1515
1250	1513
1250	1511
1250	1509
1250	1507
1250	1505
1250	1503
1250	1501
1250	1499
1250	1497
1250	1495
1250	1493
1250	1491
1250	1129
1250	1488
1250	1486
1250	1484
1250	1482
1250	1480
1250	547
1250	545
1250	543
1250	541
1250	1474
1250	1472
1250	1470
1250	539
1250	537
1250	535
1250	1120
1250	1118
1250	747
1250	745
1250	743
1250	877
1250	1459
1250	501
1250	739
1250	1455
1250	164
1250	162
1250	1451
1250	625
1250	623
1250	733
1250	1446
1250	1444
1250	1442
1250	1440
1250	1438
1250	1436
1250	1434
1250	917
1250	915
1250	336
1250	1429
1250	1427
1250	1425
1250	1423
1250	1421
1250	1419
1250	1417
1250	1415
1250	1413
1250	1411
1250	717
1250	1408
1250	1406
1250	1404
1250	1402
1250	1400
1250	1398
1250	1396
1250	1394
1250	1392
1250	308
1250	1389
1250	1387
1250	1385
1250	1383
1250	1381
1250	499
1250	1378
1250	1376
1250	1374
1250	302
1250	300
1250	298
1250	296
1250	1368
1250	691
1250	1365
1250	1363
1250	1361
1250	1359
1250	1357
1250	1355
1250	1353
1250	1351
1250	1349
1250	1347
1250	1345
1250	1343
1250	1341
1250	1339
1250	1337
1250	1335
1250	1333
1250	1331
1250	1329
1250	1327
1250	1325
1250	1323
1250	1250
1250	1320
1250	1318
1250	1316
1250	1314
1250	1312
1250	1310
1250	1308
1250	1306
1250	1304
1250	1302
1250	1300
1250	1298
1250	1296
1250	1294
1250	1292
1250	1290
1250	674
1250	1287
1250	1285
1250	1283
1250	1281
1250	286
1250	284
1250	282
1250	280
1250	278
1250	1274
1250	1272
1250	1270
1250	1268
1250	1266
1250	1264
1250	1262
1250	1260
1250	1258
1250	1256
1250	254
1250	1253
1250	1251
1244	1248
1244	2782
1244	2780
1244	2778
1244	735
1244	7365
1230	1230
1207	1213
1207	1211
1207	1209
1207	1207
1207	1205
1207	1203
1183	1248
1183	1246
1183	1244
1183	1242
1183	1240
1183	1238
1183	1236
1183	1234
1183	1232
1183	1230
1183	1228
1183	1226
1183	1224
1183	1222
1183	354
1183	352
1183	350
1183	330
1183	328
1183	326
1183	324
1183	1213
1183	1211
1183	1209
1183	1207
1183	1205
1183	1203
1183	1201
1183	150
1183	148
1183	1197
1183	1195
1183	1193
1183	1191
1183	1189
1183	1187
1183	1183
1183	1184
1179	1181
1179	2385
1179	6297
1179	6295
1179	1179
1179	1177
1179	1175
1179	5765
1179	3647
1179	3645
1179	875
1179	873
1179	871
1179	2932
1179	6283
1179	6281
1149	1171
1149	1169
1149	1167
1149	1149
1149	1164
1149	1162
1149	1160
1149	1076
1149	1157
1149	1155
1149	1153
1149	1151
1149	1029
1129	531
1129	1977
1047	1049
1047	691
1029	865
1029	1044
1029	695
1029	693
1029	1040
1029	1038
1029	1036
1029	1034
1029	1032
1029	1030
1009	801
1009	799
1009	1025
1009	1023
1009	1021
1009	1019
1009	1017
1009	1009
1009	1014
1009	1012
1009	1010
988	1007
988	1005
988	1003
988	1001
988	999
988	997
988	995
988	988
988	992
988	981
988	989
981	986
981	984
981	982
977	4690
977	6329
977	4686
977	4684
977	2363
977	2361
977	6323
977	977
977	975
977	5835
977	5833
977	5831
977	5829
977	3102
977	3100
977	6313
977	6311
977	986
961	1903
961	961
961	917
961	915
961	202
923	979
923	977
923	975
923	973
923	971
923	969
923	967
923	965
923	963
923	961
923	959
923	957
923	719
923	954
923	952
923	950
923	948
923	946
923	944
923	942
923	940
923	938
923	936
923	934
923	932
923	666
923	923
923	619
923	617
923	926
923	924
921	921
921	919
921	7049
921	1531
921	2315
921	2801
921	2799
921	1406
919	1556
919	3463
919	919
919	7039
919	3459
919	3457
919	1531
919	7034
919	3454
919	3452
919	3450
919	3448
919	3446
919	3444
919	3442
919	3440
919	3438
919	2315
919	2303
919	2301
919	2299
919	7019
919	3416
919	3414
919	3412
919	1436
919	336
919	1406
919	314
919	312
919	310
919	2932
919	7007
919	7005
919	7003
919	308
919	2516
919	6999
919	6997
919	3487
919	3400
919	3398
919	3396
919	294
919	3393
919	3391
919	3389
919	3387
919	3385
919	6985
919	1250
919	3383
919	909
919	907
919	3379
919	3377
919	3375
919	6976
919	2120
919	2118
906	921
906	919
906	917
906	915
906	314
906	312
906	310
906	906
906	909
906	907
904	904
902	902
899	531
899	899
896	531
896	896
870	884
870	882
870	747
870	745
870	743
870	877
870	875
870	873
870	871
817	819
817	817
815	6496
815	4100
815	6493
815	6491
815	6489
815	5268
815	5266
815	6485
815	6483
815	815
815	6480
815	5224
815	5222
815	5220
815	6475
815	813
815	811
815	809
815	807
815	6469
815	5765
815	5730
815	6465
815	6463
815	6461
815	6459
815	6457
815	2281
815	6454
815	6452
815	6450
815	531
815	4083
815	4081
815	4079
815	3902
815	1049
815	3888
815	3899
815	3897
815	3895
815	3893
815	3891
815	6436
815	6434
815	6432
815	1977
815	6429
815	6427
815	6425
815	6423
815	6421
815	6419
815	2974
815	6416
815	6414
815	6412
815	3889
815	2690
815	314
815	312
815	310
815	6405
815	2077
815	2075
815	2073
815	302
815	300
815	298
815	296
815	2172
815	691
815	6394
815	2794
815	666
815	909
815	907
815	495
815	493
815	6386
815	656
815	627
815	647
815	6381
815	6379
815	2406
815	6128
815	6126
815	6124
815	6122
815	6120
815	6118
815	6116
815	529
815	452
815	450
797	6244
797	6242
797	1897
797	1895
797	6238
797	6236
797	2003
797	6233
797	2017
797	797
797	795
797	3316
797	3314
797	2342
797	2340
797	1866
797	1864
797	1862
797	3311
797	3309
797	6219
797	1120
797	1118
797	1987
797	6044
797	6213
797	6211
797	150
797	148
797	3799
797	3797
797	6205
797	5092
797	6202
797	4437
797	6199
797	6197
797	6195
797	6193
797	4509
797	6190
797	6188
797	1283
797	1281
797	902
795	2017
795	797
795	795
795	3316
795	3314
795	2342
795	1866
795	1864
795	1862
795	3311
795	3309
795	3799
795	3797
779	6081
779	6079
779	236
779	1897
779	1895
779	6074
779	1715
779	779
779	6070
779	6068
779	5615
779	6065
779	6063
779	6061
779	1021
779	2279
779	1049
779	3295
779	6055
779	3747
779	6052
779	6050
779	917
779	915
779	3738
779	336
779	6044
779	4060
779	5453
779	302
779	300
779	298
779	296
779	81
779	79
779	77
779	75
779	691
779	666
779	1285
779	909
779	907
779	124
751	4610
751	1179
751	1177
751	1175
751	1830
751	751
751	4489
751	875
751	873
751	871
751	1797
751	1427
751	4597
751	4595
709	3241
709	3239
705	2394
705	2392
705	1575
705	2389
705	2387
705	2385
705	2383
705	2381
705	2379
705	2377
705	2375
705	2373
705	2371
705	851
705	849
705	2367
705	2365
705	2363
705	2361
705	2359
705	2357
705	2355
705	2353
705	2351
705	2349
705	2347
705	2345
705	795
705	2342
705	2340
705	1866
705	1864
705	1862
705	2335
705	2333
705	2331
705	2329
705	2327
705	2325
705	2323
705	2321
705	2319
705	2317
705	2315
705	2313
705	2311
705	2309
705	2307
705	2305
705	2303
705	2301
705	2299
705	2297
705	2295
705	2293
705	2291
705	2289
705	2287
705	2285
705	2283
705	2281
705	2279
705	1094
705	1092
705	2275
705	2273
705	2271
705	2269
705	2267
705	2265
705	2263
705	2261
705	871
705	2258
705	1977
705	2255
705	2253
705	2251
705	2249
705	2247
705	2245
705	2243
705	2241
705	2239
705	2237
705	2235
705	2233
705	2231
705	2229
705	2227
705	2225
705	2223
705	2221
705	2219
705	2217
705	2215
705	2213
705	1201
705	2210
705	2208
705	2206
705	2204
705	2202
705	2200
705	2198
705	2196
705	2194
705	2192
705	2190
705	2188
705	2186
705	2184
705	1017
705	705
705	703
705	2041
705	2039
705	2037
705	2035
705	2033
705	2031
705	2029
705	2172
705	2170
705	2168
705	2166
705	2164
705	2162
705	2160
705	1727
705	2157
705	2155
705	2153
705	2151
705	1573
705	1571
705	1569
705	2146
705	1568
705	1189
705	1187
705	2141
705	2139
705	2137
705	2135
705	909
705	907
705	2059
705	2130
705	2128
705	2057
705	2125
705	2123
705	480
705	2120
705	2118
705	96
705	94
703	705
703	703
664	851
664	849
664	408
664	1144
664	1142
664	1140
664	1138
664	813
664	811
664	791
664	1133
664	1131
664	1129
664	757
664	1126
664	1124
664	1122
664	1120
664	1118
664	1116
664	1114
664	1112
664	1110
664	1108
664	1106
664	1104
664	1102
664	1100
664	1098
664	1096
664	1094
664	1092
664	1090
664	1088
664	1086
664	1084
664	1082
664	1080
664	562
664	560
664	1076
664	676
664	672
664	670
664	668
664	666
664	664
664	662
664	286
664	284
664	282
664	280
664	278
664	276
664	274
664	272
664	1059
664	1057
664	1055
664	96
664	94
664	630
664	628
627	418
627	867
627	865
627	863
627	861
627	859
627	857
627	855
627	853
627	851
627	849
627	847
627	845
627	843
627	841
627	839
627	837
627	835
627	833
627	831
627	829
627	827
627	825
627	823
627	821
627	819
627	817
627	815
627	813
627	811
627	809
627	807
627	805
627	803
627	801
627	799
627	797
627	795
627	793
627	791
627	789
627	787
627	785
627	783
627	781
627	779
627	376
627	374
627	775
627	773
627	771
627	769
627	767
627	765
627	763
627	761
627	759
627	757
627	755
627	753
627	751
627	749
627	747
627	745
627	743
627	741
627	739
627	737
627	735
627	733
627	731
627	729
627	727
627	725
627	334
627	332
627	721
627	719
627	717
627	715
627	713
627	711
627	709
627	707
627	705
627	703
627	701
627	699
627	697
627	695
627	693
627	691
627	689
627	687
627	685
627	683
627	292
627	290
627	288
627	678
627	676
627	674
627	672
627	670
627	668
627	666
627	664
627	662
627	660
627	658
627	656
627	627
627	653
627	651
627	649
627	647
627	276
627	274
627	272
627	268
627	641
627	639
627	637
627	244
627	209
627	207
627	205
627	203
627	630
627	628
621	625
621	623
621	621
621	613
621	614
613	625
613	623
613	621
613	619
613	617
613	613
613	614
600	611
600	609
600	607
600	605
600	603
600	601
593	598
593	596
593	594
583	591
583	589
583	587
583	585
583	583
566	571
566	569
566	567
558	564
558	562
558	560
558	558
556	1181
556	1179
556	1177
556	1175
556	1173
551	556
551	554
551	552
533	549
533	547
533	545
533	543
533	541
533	539
533	537
533	535
533	533
529	531
529	529
523	523
523	1270
523	1268
523	1266
523	1264
521	523
521	521
458	6308
458	458
458	456
458	3867
458	3865
420	458
420	456
420	454
420	452
420	450
420	448
420	446
420	444
420	442
420	440
420	438
420	436
420	434
420	432
420	430
420	428
420	426
420	420
420	209
420	207
420	205
420	203
370	1940
370	6012
370	1936
370	4692
370	3727
370	1181
370	6006
370	6004
370	6002
370	6000
370	5998
370	5996
370	1725
370	416
370	3228
370	3226
370	4673
370	4671
370	4359
370	4339
370	4337
370	186
370	5984
370	4690
370	4100
370	5980
370	5978
370	1556
370	1664
370	1662
370	1660
370	1658
370	1921
370	1919
370	3949
370	5968
370	5966
370	4688
370	4686
370	4684
370	5961
370	1238
370	1236
370	1234
370	523
370	521
370	519
370	517
370	515
370	513
370	511
370	5949
370	5947
370	5945
370	5943
370	5941
370	5268
370	5266
370	412
370	5936
370	859
370	857
370	855
370	853
370	5930
370	5928
370	5926
370	5924
370	5922
370	5920
370	5918
370	5916
370	5914
370	5912
370	5910
370	2660
370	2658
370	2656
370	2652
370	2650
370	2648
370	2646
370	2644
370	1545
370	5899
370	4669
370	5896
370	2365
370	5253
370	5251
370	5249
370	5890
370	5888
370	5886
370	2782
370	2780
370	2778
370	5881
370	821
370	1541
370	410
370	408
370	406
370	5874
370	5872
370	5242
370	5240
370	819
370	817
370	184
370	2359
370	2357
370	5863
370	5861
370	400
370	398
370	3459
370	396
370	1531
370	2349
370	5853
370	5851
370	3725
370	3723
370	5230
370	5228
370	5226
370	5844
370	5842
370	5840
370	3871
370	977
370	975
370	5835
370	5833
370	5831
370	5829
370	234
370	232
370	230
370	2023
370	2021
370	2019
370	1179
370	1177
370	1175
370	5818
370	5816
370	5814
370	5812
370	5810
370	3765
370	5807
370	5805
370	5803
370	386
370	384
370	382
370	5208
370	5797
370	5795
370	5793
370	5791
370	5789
370	5787
370	5785
370	5783
370	5781
370	2345
370	5206
370	5204
370	5202
370	5200
370	182
370	180
370	1171
370	1715
370	2017
370	797
370	3316
370	3314
370	2342
370	5765
370	789
370	787
370	785
370	783
370	781
370	5758
370	2335
370	2333
370	2331
370	2329
370	2327
370	4399
370	5750
370	1851
370	4269
370	4267
370	779
370	5744
370	380
370	5741
370	5739
370	5737
370	5735
370	378
370	376
370	374
370	5730
370	372
370	370
370	5726
370	5724
370	5722
370	5189
370	5187
370	4851
370	5184
370	5716
370	5714
370	5712
370	5710
370	1169
370	3123
370	3121
370	4298
370	4741
370	4296
370	4738
370	4736
370	1486
370	1484
370	1482
370	3944
370	4827
370	4825
370	4823
370	4821
370	4819
370	4817
370	757
370	4717
370	4715
370	3112
370	3110
370	3108
370	3106
370	3104
370	4679
370	1167
370	3102
370	3100
370	2436
370	4667
370	3098
370	5675
370	5673
370	368
370	5670
370	1730
370	3094
370	1222
370	5665
370	366
370	364
370	362
370	1828
370	1126
370	1825
370	1823
370	1821
370	168
370	166
370	4413
370	4424
370	4422
370	4420
370	4418
370	4416
370	4414
370	3334
370	3332
370	3330
370	3328
370	226
370	224
370	222
370	220
370	218
370	216
370	214
370	1120
370	1118
370	4357
370	4335
370	4333
370	4327
370	4330
370	4328
370	1815
370	1813
370	1811
370	1809
370	5623
370	5621
370	5619
370	969
370	967
370	5615
370	501
370	531
370	4083
370	4081
370	4079
370	5608
370	3418
370	3647
370	3645
370	3048
370	3046
370	3044
370	3042
370	3040
370	3038
370	3036
370	3034
370	3032
370	3030
370	1116
370	3027
370	5591
370	3745
370	3743
370	3741
370	354
370	352
370	350
370	4177
370	4175
370	1705
370	1703
370	4148
370	4146
370	2279
370	5576
370	3019
370	5573
370	3004
370	3002
370	3000
370	2998
370	2996
370	875
370	873
370	871
370	5563
370	1173
370	5560
370	1451
370	3965
370	3974
370	3972
370	3970
370	4534
370	4532
370	5551
370	3911
370	5548
370	5546
370	5544
370	5542
370	5540
370	5538
370	3767
370	158
370	156
370	917
370	915
370	330
370	328
370	326
370	324
370	2251
370	322
370	320
370	5524
370	5522
370	1427
370	1213
370	1211
370	1209
370	1207
370	1205
370	1203
370	5513
370	717
370	3526
370	3524
370	3522
370	3519
370	3517
370	3515
370	5504
370	2948
370	1406
370	3486
370	3489
370	314
370	312
370	310
370	3353
370	3351
370	3349
370	3347
370	3345
370	3343
370	3341
370	3337
370	3338
370	3799
370	3797
370	3279
370	3280
370	5100
370	2932
370	3265
370	3263
370	3261
370	3259
370	3257
370	3255
370	711
370	3252
370	3250
370	3248
370	3246
370	3244
370	3239
370	709
370	5466
370	2772
370	2753
370	2751
370	2749
370	2741
370	2746
370	2744
370	308
370	5456
370	2516
370	5453
370	5451
370	1783
370	1781
370	2907
370	2111
370	2109
370	3487
370	302
370	300
370	298
370	296
370	5439
370	5437
370	5435
370	1947
370	5432
370	5430
370	1739
370	5427
370	691
370	1767
370	1765
370	2495
370	2493
370	4624
370	4355
370	5418
370	1359
370	936
370	1355
370	1353
370	1351
370	134
370	132
370	130
370	128
370	1337
370	1335
370	1333
370	1331
370	1329
370	1327
370	1325
370	1323
370	5399
370	1250
370	1195
370	1193
370	1191
370	1189
370	1187
370	1183
370	1184
370	556
370	1149
370	1164
370	1162
370	1160
370	1076
370	1157
370	1155
370	1153
370	1151
370	5379
370	1318
370	1316
370	1314
370	1312
370	1310
370	1292
370	1290
370	3615
370	3611
370	3609
370	904
370	286
370	284
370	282
370	280
370	278
370	1728
370	118
370	613
370	614
370	611
370	609
370	607
370	605
370	603
370	601
370	600
370	593
370	598
370	596
370	594
370	276
370	274
370	272
370	270
370	268
370	5341
370	5339
370	5337
370	5335
370	5017
370	5015
370	1262
370	5000
370	4998
370	256
370	254
370	252
370	250
370	248
370	4430
370	4428
370	4978
370	4976
370	4974
370	4972
370	116
370	108
370	113
370	111
370	109
370	106
370	104
370	102
370	100
370	98
370	96
370	94
370	92
370	90
370	88
370	86
370	85
368	527
368	525
368	368
368	509
368	507
368	505
368	503
312	3463
312	3461
312	3459
312	3457
312	1531
312	3454
312	3452
312	3450
312	3448
312	3446
312	3444
312	3442
312	3440
312	3438
312	1866
312	1864
312	1862
312	3311
312	3309
312	3431
312	3429
312	3427
312	3425
312	3423
312	2303
312	2301
312	2299
312	3418
312	3416
312	3414
312	3412
312	336
312	1406
312	314
312	312
312	310
312	3405
312	2932
312	308
312	2054
312	3400
312	3398
312	3396
312	294
312	3393
312	3391
312	3389
312	3387
312	3385
312	3383
312	909
312	907
312	3379
312	3377
312	3375
312	598
312	596
312	594
310	314
310	312
310	310
308	276
308	274
308	272
302	2107
302	2105
302	2103
302	2101
302	2099
302	2097
302	2095
302	2093
302	2091
302	2089
302	2087
302	2085
302	2083
302	2081
302	2079
302	2077
302	2075
302	2073
302	302
302	300
302	298
302	296
302	2067
302	2065
302	2063
302	2061
302	2059
302	2057
268	276
268	274
268	272
268	270
268	268
266	266
262	264
262	262
262	260
262	258
248	527
248	525
248	523
248	521
248	519
248	517
248	515
248	513
248	511
248	509
248	507
248	505
248	503
248	501
248	499
248	497
248	495
248	493
248	286
248	284
248	282
248	280
248	278
248	486
248	484
248	482
248	480
248	254
248	252
248	250
248	248
248	454
248	452
248	450
248	448
248	446
248	444
248	442
248	440
248	438
248	436
248	434
248	432
248	430
248	428
248	426
248	420
244	418
244	416
244	200
244	198
244	412
244	410
244	408
244	406
244	404
244	402
244	400
244	398
244	396
244	394
244	392
244	390
244	388
244	386
244	384
244	382
244	380
244	378
244	376
244	374
244	372
244	370
244	368
244	366
244	364
244	362
244	360
244	358
244	356
244	354
244	352
244	350
244	348
244	346
244	344
244	342
244	340
244	338
244	336
244	334
244	332
244	330
244	328
244	326
244	324
244	322
244	320
244	318
244	316
244	314
244	312
244	310
244	308
244	306
244	304
244	302
244	300
244	298
244	296
244	294
244	292
244	290
244	288
244	286
244	284
244	282
244	280
244	278
244	276
244	274
244	272
244	270
244	268
244	266
244	264
244	262
244	260
244	258
244	256
244	254
244	252
244	250
244	248
244	246
244	205
242	207
238	7308
238	7306
238	7304
238	7302
238	7300
238	1049
238	917
238	915
238	7295
238	942
236	236
236	1897
236	1895
234	232
234	230
202	240
202	238
202	236
202	234
202	232
202	230
202	228
202	226
202	224
202	222
202	220
202	218
202	216
202	214
202	202
202	211
202	209
202	207
202	205
202	203
188	200
188	198
188	196
188	188
188	193
188	191
188	189
162	2733
162	2731
162	162
124	894
124	892
124	890
124	888
124	886
108	186
108	184
108	182
108	180
108	178
108	176
108	174
108	172
108	170
108	168
108	166
108	164
108	162
108	160
108	158
108	156
108	154
108	152
108	150
108	148
108	146
108	144
108	142
108	140
108	138
108	136
108	134
108	132
108	130
108	128
108	126
108	124
108	122
108	120
108	118
108	116
108	108
108	113
108	111
108	109
85	106
85	104
85	102
85	100
85	98
85	96
85	94
85	92
85	90
85	88
85	86
71	83
71	81
71	79
71	77
71	75
71	71
71	72
