id_node	label	x	y
65298	YP_177807.1	2520.201578767842	-1312.3691237003395
65296	YP_177730.1	1997.738054248849	-1388.7192636473737
65294	YP_177622.1	1964.8433448474507	-1511.4839904336077
65292	NP_218336.1	1997.738054248849	-1634.2487172198425
65290	NP_218335.1	2333.1375252061525	-1724.1187346046772
65288	NP_218334.1	2423.007542590988	-1388.7192636473737
65286	NP_218333.1	2210.3727984199186	-1265.9545368611389
65284	NP_218000.1	2148.9904350268016	-1405.166618348073
65282	NP_217999.1	2148.9904350268016	-1617.8013625191425
65276	NP_217925.1	1969.1914011624422	-1233.1458203903676
65274	NP_217924.1	1856.9971201426333	-1407.7235293313315
65271	NP_217425.1	2157.959071705177	-1876.0294670726153
65269	NP_217424.1	2520.201578767842	-1710.5988571668768
65265	NP_217297.1	2087.6080716336846	-1298.8492462625381
65260	NP_216839.1	2087.6080716336846	-1724.1187346046772
65258	NP_216836.1	2423.007542590988	-1634.2487172198425
65256	NP_216714.1	2333.1375252061525	-1298.8492462625381
65254	NP_216713.1	2271.7551618130356	-1405.166618348073
65251	NP_216029.1	2087.6080716336846	-1511.4839904336077
65249	NP_216028.1	2271.7551618130356	-1617.8013625191425
65247	NP_216027.1	2333.1375252061525	-1511.4839904336077
65245	NP_215909.1	2157.959071705177	-1146.9385137946
65242	NP_215779.1	1856.9971201426333	-1615.2444515358839
65240	NP_215778.1	1969.1914011624422	-1789.8221604768478
65238	NP_215777.1	2363.3677301421476	-1846.496160590751
65236	NP_215770.1	2578.6669787786223	-1511.4839904336077
65234	NP_215769.1	2363.3677301421494	-1176.4718202764643
65228	NP_214986.1	2210.3727984199186	-1757.0134440060765
65226	NP_214985.1	2455.9022519923865	-1511.4839904336077
65224	NP_218372.1	-2650.167950539372	-1503.9839904336077
65221	YP_004837054.1	-515.6679505393722	1818.7512827801575
65214	NP_216524.1	-392.90322375313826	1941.5160095663932
65212	NP_216498.1	-515.6679505393722	2064.280736352627
65208	NP_215518.1	-638.4326773256062	1941.5160095663932
65201	NP_218350.1	-1359.1679505393722	-643.9839904336077
65198	NP_218095.1	1326.8320494606278	579.0160095663923
65196	NP_218261.1	1188.8320494606278	331.0160095663923
65181	NP_218209.1	-451.1679505393722	125.01600956639231
65172	NP_218198.2	-606.1679505393722	81.01600956639231
65162	YP_178025.1	1027.5056937776662	-6298.346806806955
65160	YP_178002.1	1576.5262424440862	-7054.008763958576
65158	YP_178001.1	1576.5262424440843	-6119.959216908638
65156	YP_178000.1	1078.697371335642	-6712.9480187859
65153	YP_177959.1	1179.2512413246413	-6586.983990433608
65151	YP_177891.1	1486.1630582902262	-6480.666618348073
65149	YP_177880.2	650.5303165205069	-6214.12465960531
65144	YP_177831.1	1911.4260063664387	-7139.920473195664
65138	YP_177752.1	959.037026751027	-6986.8118148209305
65134	YP_177727.1	2026.0393229811007	-6710.545779539402
65132	YP_177704.1	1637.9648672817011	-6011.369568952383
65128	YP_007412423.1	1687.9032152584714	-7001.598738802578
65122	NP_218374.1	1488.7343081617337	-6224.285026227081
65120	NP_218373.1	1637.4154390681788	-6464.219263647374
65117	NP_218362.1	650.5303165205069	-6959.843321261905
65115	NP_218361.1	711.9598699031403	-6772.588097606029
65112	NP_218246.1	1997.872775750062	-7049.723528411494
65110	NP_218214.1	1997.8727757500592	-6124.244452455718
65108	NP_218213.1	986.7808183349507	-5994.769062155125
65106	NP_218207.1	1049.055576338692	-7072.380826905305
65103	NP_218184.1	1928.5846929768095	-6937.641922172472
65100	NP_218162.1	1517.7306435630899	-5980.238771568671
65098	NP_218152.1	968.2056698477645	-6406.213149899051
65096	NP_218144.1	1782.7472324216142	-6923.136944160177
65094	NP_218143.1	1455.614538796237	-6096.894075870184
65092	NP_218142.1	1142.6509846002664	-6823.718926287841
65090	NP_218141.1	1360.8270816324848	-6224.285026227081
65073	NP_217952.1	2432.7085235502136	-2759.36309345259
65071	NP_217951.1	2329.221908765413	-2619.961239640742
65068	NP_217949.1	2311.2642892518897	-2741.405473939066
65061	NP_217841.3	1111.767967103152	-6208.616599495427
65057	NP_217834.1	1212.1459507260397	-6709.748717219843
65055	NP_217833.1	1363.3983315039923	-6480.666618348073
65053	NP_217831.1	1233.556643267556	-7424.791301860535
65051	NP_217820.1	753.5803949231176	-6890.385655655105
65049	NP_217819.1	1456.042391186239	-7322.908660144768
65047	NP_217814.1	2150.7739025971214	-6711.468027634369
65045	NP_217813.1	1456.0423911862354	-5851.059320722447
65043	NP_217812.1	839.1074692572456	-6770.740150442098
65038	NP_217774.1	2038.6043288282808	-6586.983990433608
65036	NP_217773.1	1393.6910380249374	-5973.948194734826
65034	NP_217772.1	937.5939339071965	-6525.43798973058
65028	NP_217630.1	1240.6336047177574	-6905.936106690212
65026	NP_217629.1	1240.6336047177583	-6268.031874177003
65016	NP_217579.1	2067.832729393672	-6946.214409627455
65012	NP_217548.1	892.9962391412055	-6077.309873216781
65010	NP_217547.1	1154.456356425966	-7138.077635472821
65005	NP_217498.1	1847.6848728225104	-6142.089047929528
65001	NP_217434.1	1027.5056937776671	-6875.621174060261
64999	NP_217376.1	1900.4120834799232	-6464.862606224437
64997	NP_217375.1	1142.6509846002664	-6350.249054579374
64995	NP_217374.1	1770.8640184585765	-6712.948018785903
64993	NP_217373.1	1302.0159681108753	-6799.618734604677
64989	NP_217301.1	1960.5785811514443	-7258.853288800057
64986	NP_217244.1	2189.820054953566	-2723.4478544255417
64984	NP_217243.1	2293.3066697383647	-2862.8497082373897
64982	NP_217242.1	1911.426006366435	-6034.0475076715475
64980	NP_217241.1	814.5101305220351	-6174.513080669437
64963	NP_217099.1	1793.074875255812	-6586.983990433608
64950	NP_216987.1	1810.9793374047267	-5959.757538767522
64948	NP_216971.1	888.0860776598192	-6289.09417623885
64946	NP_216970.1	1270.9242466920095	-7181.212605461679
64944	NP_216969.1	1749.4713059348078	-7107.901892483858
64942	NP_216968.1	2026.0393229811025	-6463.4222013278195
64939	NP_216952.1	1154.456356425968	-6035.890345394393
64937	NP_216923.1	1111.7679671031528	-6965.351381371789
64935	NP_216922.1	1855.098895523257	-6350.414557716161
64930	NP_216858.1	1302.0159681108753	-6374.349246262538
64927	NP_216810.1	1302.0159681108753	-6586.983990433608
64925	NP_216809.1	2284.1337824007505	-6586.983990433608
64923	NP_216764.1	814.5101305220369	-6999.454900197781
64919	NP_216756.2	2161.3690556145148	-6586.983990433608
64917	NP_216755.1	1331.2208472678576	-5856.361674831391
64915	NP_216754.1	888.0860776598192	-6884.873804628364
64899	NP_216595.1	1770.8640184585765	-6461.019962081315
64897	NP_216594.1	1424.7806948971092	-6832.5134440060765
64895	NP_216593.1	1363.3983315039923	-6693.3013625191425
64889	NP_216493.1	1579.9645930204051	-7307.039801400794
64887	NP_216492.1	2150.7739025971214	-6462.49995323284
64872	NP_216296.1	1855.0988955232579	-6823.553423151052
64870	NP_216295.1	1332.7654313372623	-6104.623086588373
64868	NP_216276.1	1360.827081632484	-6949.682954640134
64859	NP_216097.1	892.9962391412073	-7096.658107650436
64857	NP_216096.1	1699.4224366481767	-7270.45624797761
64855	NP_216095.1	2119.2932468067056	-6341.597095134823
64853	NP_216082.1	1209.0908498217877	-5882.682702719509
64846	NP_216054.1	1988.8587182552756	-6344.919046385916
64843	NP_215990.1	1049.0555763386938	-6101.587153961909
64836	NP_215925.1	1488.7343081617328	-6949.682954640135
64834	NP_215924.1	1212.1459507260397	-6464.219263647374
64832	NP_215923.1	1547.545421683344	-6374.349246262538
64830	NP_215922.1	1960.5785811514443	-5915.114692067159
64828	NP_215921.1	690.8459021886301	-6524.51693354507
64826	NP_215908.1	1093.1658565130247	-7244.702784530183
64823	NP_215772.1	2067.832729393668	-6227.753571239756
64821	NP_215771.1	1093.1658565130228	-5929.2651963370345
64809	NP_215729.1	1215.6979812962209	-7031.307373972746
64807	NP_215728.1	1782.7472324216124	-6250.831036707036
64801	NP_215691.1	1547.5454216833432	-6799.618734604677
64794	NP_215675.1	1209.0908498217905	-7291.285278147708
64792	NP_215674.1	2119.2932468067056	-6832.370885732387
64790	NP_215673.1	1699.422436648173	-5903.511732889604
64788	NP_215657.1	839.1074692572465	-6403.227830425117
64781	NP_215608.1	1749.4713059348114	-6066.06608838336
64778	NP_215511.1	937.5939339071965	-6648.529991136636
64776	NP_215508.1	1900.4120834799241	-6709.105374642777
64768	NP_215465.1	1424.7806948971092	-6341.454536861139
64766	NP_215421.1	1233.5566432675578	-5749.17667900668
64764	NP_215420.1	690.8459021886301	-6649.451047322149
64762	NP_215419.1	1331.2208472678603	-7317.606306035826
64753	NP_215367.2	1637.9648672816975	-7162.598411914833
64751	NP_215366.1	1988.8587182552737	-6829.048934481305
64745	NP_215244.1	1332.7654313372632	-7069.344894278843
64743	NP_215243.1	1687.9032152584696	-6172.369242064637
64741	NP_215242.1	1078.697371335642	-6461.019962081315
64739	NP_215241.1	1706.910405193952	-6350.249054579374
64737	NP_215195.1	1637.4154390681788	-6709.748717219843
64735	NP_215194.1	1486.1630582902262	-6693.3013625191425
64733	NP_215172.1	753.5803949231167	-6283.582325212113
64714	NP_214991.1	968.2056698477654	-6767.754830968165
64712	NP_214990.1	1915.8396020420469	-6586.983990433608
64710	NP_214989.1	1215.69798129622	-6142.660606894469
64708	NP_214977.1	1608.9277850764602	-6905.936106690213
64705	NP_214975.1	1670.310148469578	-6586.983990433608
64703	NP_214974.1	1547.545421683344	-6586.983990433608
64701	NP_214973.1	711.9598699031394	-6401.379883261189
64699	NP_214972.1	986.7808183349534	-7179.198918712093
64697	NP_214971.1	1810.9793374047304	-7214.210442099691
64692	NP_214943.1	814.1063915260511	-6524.884483392562
64690	NP_214942.1	1393.6910380249346	-7200.0197861323895
64688	NP_214923.1	1847.6848728225068	-7031.878932937691
64686	NP_214922.1	1928.5846929768131	-6236.326058694748
64684	NP_214877.1	1270.9242466920123	-5992.755375405536
64681	NP_214808.1	1455.6145387962388	-7077.073904997032
64676	NP_214736.1	1706.9104051939512	-6823.718926287843
64662	NP_214648.1	1579.9645930204015	-5866.928179466419
64660	NP_214624.1	814.1063915260502	-6649.083497474651
64658	NP_214618.1	1517.7306435630862	-7193.729209298545
64651	NP_214589.1	959.037026751027	-6187.156166046284
64645	NP_214563.1	1056.4865145384065	-6586.983990433608
64643	NP_214533.1	1608.927785076461	-6268.031874177003
64635	NP_218193.1	1424.7806948971092	-6586.983990433608
64624	NP_217848.1	-1468.7726564639588	-1718.7313761509731
64622	NP_217793.1	-1236.1817828824787	-1698.0065046648533
64620	NP_217792.1	-1292.7844608152245	-1565.2511176034486
64618	NP_217791.1	-1436.5335261616092	-1578.0597925943448
64615	NP_217435.1	-1355.844179147086	-1670.582262412593
64608	NP_215472.1	-1962.4032237531383	1745.0160095663932
64606	NP_215471.1	-2023.7855871462552	1851.333381651927
64604	NP_215324.1	-2146.550313932489	1851.333381651927
64602	NP_215323.1	-2207.932677325606	1745.0160095663932
64596	NP_215291.1	-2146.550313932489	1638.6986374808575
64594	NP_215286.1	-2023.7855871462552	1638.6986374808575
64591	NP_214992.1	-1344.948469412162	-1792.8625210493456
64588	NP_218092.1	-2085.167950539372	1745.0160095663932
64585	YP_177985.1	5607.124888011317	3766.7149737729205
64583	YP_177984.1	5330.536530575621	3281.2512827801575
64581	YP_177983.1	5788.700728319161	3404.016009566393
64579	YP_177977.1	5665.936001532927	3616.650753737461
64577	YP_177738.1	5420.406547960459	3404.016009566393
64575	YP_177699.1	5665.936001532927	3404.016009566393
64572	NP_218090.1	5131.807868792069	3014.3518934467165
64568	NP_218087.1	6057.421459424245	3166.0985391926943
64566	NP_218086.1	4329.255559477534	-1396.6420979351178
64564	NP_218085.1	5694.758123082681	3949.98249439992
64562	NP_218084.1	5333.443674577914	3930.392594225478
64559	NP_218063.1	5197.0879511852245	3529.9800379186863
64554	NP_218059.1	5825.300985043535	3640.7509454206256
64552	NP_218058.1	5420.406547960459	3616.650753737461
64550	NP_218057.1	5665.936001532927	3191.381265395322
64547	NP_218053.1	4417.490671712437	-1180.4417285080372
64545	NP_218052.1	4408.49699477483	-1302.8765761537989
64543	NP_218051.1	4294.833734115365	-1256.4886324705867
64541	NP_218048.1	4979.873044119263	3342.753635127224
64539	NP_218047.1	5333.443674577914	2877.6394249073064
64537	NP_218046.1	5808.580762392053	2903.4006092661775
64535	NP_218044.1	6109.791054801993	3404.016009566393
64533	NP_218043.1	5994.253352540375	3746.9196902746235
64531	NP_218042.1	4473.186355103243	-1407.214799270735
64528	NP_218040.1	5261.041564449849	3640.7509454206256
64526	NP_218039.1	5359.02418456734	3085.063893309788
64524	NP_218038.1	5825.300985043535	3167.281073712157
64522	NP_218037.1	5727.318364926044	3722.9681258229966
64520	NP_218036.1	5330.536530575621	3526.780736352627
64518	NP_218035.1	5755.80601891776	3281.2512827801575
64516	NP_218033.1	4527.718653465575	-1273.5956225845157
64514	NP_218023.1	5481.788911353576	3510.333381651927
64510	NP_218020.1	5057.659050047806	3696.1390227266975
64508	NP_218019.1	5006.212243322384	3223.093446789423
64506	NP_218018.1	5451.502395443055	2844.8605824111755
64504	NP_218017.1	5909.993149040588	2972.159913523473
64502	NP_218015.1	6096.543799220627	3525.822513117154
64500	NP_218014.1	5909.99314904059	3835.87210560931
64498	NP_218013.1	5573.847451221795	3969.804792900585
64496	NP_218012.1	5225.191583201179	3873.0009676562413
64494	NP_218011.1	5174.877094387989	3404.016009566393
64492	NP_218010.1	5479.217661482066	3041.317045359866
64490	NP_218009.1	5889.254598308159	3278.0519812140983
64488	NP_217316.1	5479.217661482068	3766.7149737729205
64486	NP_217315.1	5420.406547960459	3191.381265395322
64482	NP_216411.1	5543.171274746693	3649.545463138861
64479	NP_216145.1	5604.55363813981	3297.6986374808575
64477	NP_216144.1	4979.873044119263	3465.278384005561
64475	NP_216143.1	5225.191583201179	2935.0310514765433
64473	NP_215944.1	5694.758123082677	2858.0495247328627
64471	NP_215943.1	6096.543799220625	3282.209506015627
64469	NP_215942.1	6057.4214594242485	3641.9334799400867
64462	NP_215578.1	5197.0879511852245	3278.0519812141
64460	NP_215577.1	5607.124888011315	3041.317045359866
64458	NP_215576.1	5911.4654551053945	3404.016009566393
64456	NP_215575.1	5359.024184567342	3722.9681258229966
64454	NP_215470.1	5543.171274746693	3158.4865559939235
64452	NP_215469.1	5755.80601891776	3526.780736352627
64450	NP_215468.1	5604.55363813981	3510.333381651927
64448	NP_215456.1	5481.788911353576	3297.6986374808575
64446	NP_215455.1	5006.212243322384	3584.9385723433634
64444	NP_215442.1	5057.659050047806	3111.8929964060853
64442	NP_215441.1	5573.847451221795	2838.2272262321994
64440	NP_215440.1	5994.253352540371	3061.1123288581593
64436	NP_215071.1	5808.580762392053	3904.631409866607
64434	NP_215070.1	5451.502395443057	3963.171436721609
64432	NP_215069.1	5131.807868792069	3793.680125686068
64430	NP_215068.1	5261.041564449849	3167.281073712159
64428	NP_215067.1	5727.318364926044	3085.063893309788
64426	NP_215066.1	5889.254598308159	3529.9800379186863
64423	NP_214737.1	5297.641821174225	3404.016009566393
64419	NP_218091.3	5543.171274746693	3404.016009566393
64417	NP_218066.1	-248.1679505393722	-14.983990433607687
64406	NP_215722.1	51.832049460627786	188.0160095663923
64403	NP_218074.1	166.8320494606278	-178.9839904336077
64400	NP_217959.1	-784.1679505393722	-3882.9839904336077
64399	NP_217960.1	-584.1679505393722	-3798.9839904336077
64347	NP_217933.1	665.8320494606278	670.0160095663923
64343	NP_217874.1-NP_217875.1	-5027.480796121449	5448.208698139465
64341	NP_217876.1	-5036.480796121449	5354.208698139465
64339	NP_217875.1	-5104.480796121449	5506.208698139465
64337	NP_217874.1	-5113.480796121449	5411.208698139465
64326	NP_214936.1	-1725.1679505393722	922.0160095663932
64325	NP_217851.1	-614.1679505393722	232.0160095663923
64323	YP_177917.1	-2178.167950539372	1278.0160095663932
64318	YP_177769.1	-1392.0427349402298	351.5160095663923
64314	YP_177686.1	-1646.5277546387015	1.2474294226658458
64301	NP_218227.3	-1736.1679505393722	1502.0160095663932
64299	NP_218195.1	-197.1679505393722	263.0160095663923
64296	NP_218182.1	-1514.8074617264638	351.5160095663923
64294	NP_218115.1	-1637.5721885126977	564.1507537374619
64292	NP_217932.1	-1821.7192786920496	457.8333816519271
64290	NP_217877.1	-1821.7192786920496	245.19863748085754
64287	NP_217807.1	-1637.5721885126977	351.5160095663923
64285	NP_217806.1	-2058.2931661385146	567.993897286382
64283	NP_217777.1	-2058.2931661385146	135.03812184640265
64281	NP_217745.1	-206.2891788846582	-317.06165618835075
64279	NP_217744.1	25.62475213421112	-289.7859642468529
64268	NP_217517.3	-1547.702171127863	228.75128278015745
64262	NP_217180.1	-1760.3369152989326	597.0454631388611
64260	NP_217179.1	-1883.1016420851665	351.5160095663923
64258	NP_217177.1	-178.02980876163838	-175.53687410679504
64256	NP_217176.1	-94.76341814531042	-265.74710820818655
64249	NP_217100.1	-80.42373828708787	-387.6714770786566
64247	NP_217080.1	-1883.1016420851665	564.1507537374619
64245	NP_217079.1	-2005.8663688714005	351.5160095663923
64243	NP_216916.1	-1883.1016420851665	138.88126539532277
64241	NP_216727.1	-1106.1679505393722	-1091.9839904336077
64239	NP_216726.1	-1637.5721885126986	138.88126539532277
64237	NP_216348.1	-858.1679505393722	-1263.9839904336077
64232	NP_216075.1	-1547.702171127863	474.28073635262626
64230	NP_216074.1	-1698.9545519058147	457.8333816519271
64211	NP_215399.1	-34.69911692737878	-158.6795694202774
64192	NP_214851.1	-1698.9545519058147	245.19863748085754
64190	NP_214703.1	-1646.5277546387015	701.7845897101188
64187	NP_214584.1	-712.1679505393722	-1213.9839904336077
64185	NP_214583.1	-802.1679505393722	-1227.9839904336077
64183	NP_214548.1	-1972.9716594700021	474.28073635262626
64181	NP_214547.1	-1972.9716594700021	228.75128278015745
64179	NP_214546.1	-1760.3369152989326	105.9865559939235
64178	NP_217808.1	-1760.3369152989326	351.5160095663923
64175	YP_177822.1	2414.804962886411	3574.543096140608
64172	NP_216107.1	2369.023144617787	3464.016009566393
64170	NP_216106.1	2414.804962886411	3353.4889229921764
64168	NP_216105.1	2525.332049460628	3307.7071047235504
64166	NP_216087.1	2635.8591360348446	3353.4889229921764
64164	NP_216086.1	2681.640954303469	3464.016009566393
64162	NP_216084.1	2635.8591360348446	3574.543096140608
64160	NP_215692.1	2039.8320494606278	-246.9839904336077
64158	NP_215292.1	-178.1679505393722	2123.016009566393
64156	NP_214603.1	2525.332049460628	3620.324914409234
64155	NP_217796.1	2525.332049460628	3464.016009566393
64145	YP_177885.1	1105.6637037419814	1794.8812653953219
64143	YP_177884.1	1271.0641727046323	1765.716700095375
64141	YP_177825.1	1473.957884100685	2007.5160095663932
64138	YP_177721.2	1167.0460671350993	2113.833381651927
64136	YP_177720.1	1105.6637037419814	2007.5160095663932
64130	NP_217980.1	1167.0460671350984	1901.1986374808575
64127	NP_217738.1	1289.8107939213332	1901.1986374808575
64124	NP_217572.1	1105.6637037419814	2220.150753737461
64122	NP_217571.1	997.7062148205714	2091.492028467922
64120	NP_217570.1	997.7062148205714	1923.5399906648645
64114	NP_217216.1	1620.8320494606278	-1128.9839904336077
64112	NP_217215.1	1730.8320494606278	-787.9839904336077
64110	NP_216982.1	1416.5149040594442	1849.6927189969037
64107	NP_216161.1	1416.5149040594451	2165.339300135881
64095	NP_215740.1	1351.1931573144502	2007.5160095663932
64093	NP_215739.2	1271.0641727046323	2249.3153190374096
64075	NP_214656.1	1289.8107939213332	2113.833381651927
64074	NP_217739.1	1228.4284305282163	2007.5160095663932
64071	YP_177855.1	-1249.4032237531383	-2141.9839904336077
64057	NP_217346.1	-1310.7855871462552	-2035.666618348073
64055	NP_217345.1	-1494.9326773256062	-2141.9839904336077
64043	NP_216877.1	-1310.7855871462552	-2248.3013625191425
64024	NP_216250.1	-1433.5503139324892	-2035.666618348073
64018	NP_215085.1	-1433.5503139324892	-2248.3013625191425
63998	NP_217605.1	288.54248798894423	-2967.2035346857774
63996	NP_217604.1	406.43442267476803	-2932.959266859876
63994	NP_217603.1	435.7239841464525	-2813.7397226077055
63992	NP_217602.1	347.12161093231134	-2728.764446181437
63990	NP_217601.1	229.22967624648754	-2763.0087140073383
63988	NP_217600.1	199.940114774804	-2882.228258259508
63986	NP_217599.1	317.8320494606278	-2847.983990433607
63984	NP_217598.1	241.8320494606278	-2367.9839904336077
63982	NP_216633.1	-360.8719331471548	-3369.698680462181
63980	NP_216297.1	-935.1679505393722	-2372.9839904336077
63978	NP_215844.1	-1063.1679505393722	-2222.9839904336077
63975	NP_215753.1	-193.3209260593967	-3415.185121405338
63973	NP_215752.1	-147.8344851162392	-3247.6341143175787
63971	NP_215751.1	-315.3854922039982	-3202.147673374422
63969	NP_215750.1	-254.35320913169653	-3308.6663973898803
63968	NP_217596.1	-998.1679505393722	-2283.9839904336077
63965	NP_217518.1	-1725.1679505393722	963.0160095663932
63963	NP_217420.1	-4033.480796121449	5375.208698139465
63961	NP_217304.1	4679.832049460628	-830.9839904336077
63959	NP_217295.2	-4317.480796121449	5375.208698139465
63945	YP_177890.1	4483.340498054819	1520.3745773989767
63942	YP_177777.1	4642.067322674394	982.8812653953219
63940	YP_177772.1	5010.361503033096	1195.5160095663932
63937	NP_218293.1	4826.214412853745	1301.833381651927
63935	NP_217912.2	4642.067322674394	1195.5160095663932
63933	NP_217887.3	4403.219648827592	1427.9101883134072
63931	NP_217590.1	4352.394485707898	1074.413414165635
63929	NP_217531.1	4586.266118682227	804.5111618057408
63927	NP_217530.1	4943.397980239025	804.511161805739
63925	NP_217355.1	5126.444450093663	963.1218308193775
63923	NP_217354.1	5194.681537778441	1195.5160095663932
63921	NP_217353.1	5126.444450093663	1427.9101883134053
63919	NP_217352.1	5046.323600866436	1520.3745773989767
63917	NP_217253.1	4943.397980239027	1586.5208573270438
63915	NP_217252.1	4703.658089048823	1620.9902498849124
63913	NP_217251.1	4642.067322674394	1408.1507537374628
63910	NP_217235.1	4764.832049460628	949.9865559939235
63907	NP_217219.1	3841.832049460628	1538.0160095663932
63903	NP_217108.1	4703.449686067511	1089.1986374808575
63901	NP_216860.1	4352.394485707898	1316.6186049671514
63899	NP_216859.1	4403.21964882759	963.1218308193793
63897	NP_216855.1	4703.658089048823	770.0417692478723
63884	NP_216616.1	4826.0060098724325	1620.9902498849124
63882	NP_216439.1	4586.266118682229	1586.5208573270438
63880	NP_216438.1	4519.30259588816	1195.5160095663932
63878	NP_216218.1	4887.596776246862	982.8812653953219
63876	NP_216214.1	4977.466793631697	1318.2807363526272
63874	NP_216213.1	4764.832049460628	1441.0454631388611
63871	NP_216211.1	4826.214412853745	1089.1986374808575
63869	NP_216210.1	4334.982561142814	1195.5160095663932
63867	NP_216154.1	4483.3404980548175	870.6574417338097
63865	NP_216150.1	4826.006009872431	770.0417692478723
63863	NP_216149.3	5046.323600866436	870.6574417338079
63861	NP_216063.1	5177.269613213358	1074.4134141656332
63859	NP_216053.3	5177.269613213358	1316.6186049671496
63849	NP_215145.1	4552.197305289558	1318.2807363526272
63847	NP_215144.1	4552.197305289558	1072.7512827801575
63845	NP_215143.1	4977.466793631697	1072.7512827801575
63843	NP_215029.1	4887.596776246862	1408.150753737461
63841	NP_214850.1	4703.449686067511	1301.833381651927
63839	NP_214585.1	4887.596776246862	1195.5160095663932
63831	NP_217236.2	4764.832049460628	1195.5160095663932
63828	YP_177853.1	486.8320494606278	973.0160095663932
63824	NP_217234.1	687.8320494606278	445.0160095663923
63821	YP_177971.1	4229.516091703193	-1984.7490545793744
63818	YP_177907.1	3734.751637235281	-2344.2487172198425
63816	YP_177877.1	4192.915834978819	-2221.4839904336077
63814	YP_177876.1	3782.9741673009494	-3154.5328792238442
63811	YP_177860.1	3824.621654620115	-2221.4839904336077
63796	NP_218357.1	4151.379623702655	-1774.8010968907492
63794	NP_218356.1	3579.092201047647	-2221.483990433607
63792	NP_218355.1	4011.3399946709733	-2584.182954640135
63790	NP_218007.1	4315.6805617650525	-2221.4839904336077
63788	NP_218006.1	3763.239291226998	-1902.5318741770034
63786	NP_217941.1	3824.621654620115	-2434.1187346046772
63780	NP_217694.1	3886.004018013232	-2115.166618348073
63775	NP_217642.1	657.8320494606278	-2087.9839904336077
63772	NP_217526.1	3476.218810369969	-2083.136708963906
63768	NP_217380.1	3877.501412453362	-2707.544625952284
63766	NP_217378.1	4438.445288551288	-2221.4839904336077
63762	NP_217034.1	3601.3030578448825	-2347.4480187859
63757	NP_216899.1	4131.533471585702	-1902.5318741770034
63755	NP_216898.1	3824.621654620115	-2008.8492462625381
63753	NP_216897.1	4070.151108192583	-2434.1187346046772
63747	NP_216852.1	3722.150005570101	-3261.1705812463397
63745	NP_216637.1	3886.004018013232	-2327.8013625191425
63743	NP_216636.1	4070.1511081925846	-2221.4839904336077
63741	NP_216560.1	3625.8111850630476	-1850.3664303759542
63739	NP_216559.1	3476.218810369969	-2359.8312719033083
63737	NP_216558.1	3625.8111850630457	-2592.6015504912602
63735	NP_216557.1	4151.379623702655	-2668.166883976466
63731	NP_216554.1	3601.3030578448825	-2095.5199620813137
63729	NP_216553.1	3763.239291226998	-2540.436106690212
63727	NP_216552.1	4229.516091703191	-2458.218926287843
63725	NP_216551.1	4011.3399946709733	-1858.7850262270813
63722	NP_216549.1	3947.386381406349	-2467.0134440060765
63712	NP_216392.1	4008.768744799466	-2327.8013625191425
63697	NP_216036.3	3883.4327681417244	-2584.182954640134
63695	NP_216035.1	4293.469704967817	-2347.4480187859026
63693	NP_215867.1	3883.4327681417244	-1858.7850262270813
63691	NP_215866.1	3734.751637235281	-2098.7192636473737
63689	NP_215865.1	4160.02112557742	-2344.2487172198425
63687	NP_215864.1	4160.02112557742	-2098.7192636473737
63685	NP_215863.1	3947.3863814063507	-1975.9545368611389
63678	NP_215668.1	3877.501412453362	-1735.4233549149312
63673	NP_215625.1	4968.551271488725	196.15973660804048
63671	NP_215624.1	5026.30078248633	400.802176996719
63669	NP_215623.1	4820.20047491849	348.49350038243483
63667	NP_215622.1	4938.350842964516	315.1518046623978
63653	NP_215183.1	4008.768744799466	-2115.166618348073
63651	NP_215134.1	782.8320494606278	-915.9839904336077
63639	NP_214996.1	4360.491421870248	-2486.9704794112995
63637	NP_214995.1	4360.491421870248	-1955.9975014559168
63635	NP_214966.1	3615.512303547607	-3200.346419515493
63633	NP_214965.1	3661.325843839254	-3367.808283268834
63631	NP_214964.1	3828.7877075925962	-3321.9947429771864
63629	NP_214852.1	1062.8320494606278	-572.9839904336077
63627	NP_214847.1	3701.856927833881	-2221.4839904336077
63611	NP_214654.1	4850.400903442701	229.5014323280766
63609	NP_214653.1	5056.501211010539	281.8101089423608
63607	NP_214652.1	4908.150414440305	434.14387271675423
63604	NP_214629.1	3665.256671109507	-1984.7490545793744
63602	NP_214628.1	3665.256671109507	-2458.218926287841
63600	NP_214627.1	4131.5334715857	-2540.436106690213
63598	NP_214626.1	4293.469704967817	-2095.5199620813146
63590	NP_214524.1	4070.1511081925846	-2008.8492462625381
63584	NP_214871.1	3909.832049460628	1822.0160095663932
63583	NP_217220.1	3885.832049460628	1762.0160095663932
63581	NP_217206.1	-3891.480796121449	5375.208698139465
63576	NP_217071.1	-4175.480796121449	5375.208698139465
63574	YP_177883.1	-1338.1679505393722	-1455.9839904336077
63571	NP_216976.1	-1063.1679505393722	-1485.9839904336077
63563	NP_216889.1	-2608.5944054496968	212.5160095663923
63561	NP_216888.1	-2792.741495629048	318.8333816519271
63554	NP_214953.1	-2792.741495629048	106.19863748085754
63550	NP_216890.1	-2731.359132235931	212.5160095663923
63545	YP_177856.1	3362.617154382552	-436.25257057733415
63543	YP_177849.1	-2736.935752720458	-1825.5165173469486
63537	YP_177767.1	4445.832049460628	-702.9839904336077
63534	YP_177731.1	3126.043266936086	-298.61873460467723
63529	YP_177691.1	1891.616953952711	-688.7709773831712
63527	YP_177685.1	3248.80799372232	159.54546313886112
63518	NP_218298.1	2950.851742882739	130.49389728638198
63516	NP_218183.1	1207.8320494606278	568.0160095663923
63509	NP_217836.1	-2346.851014623218	-2082.3161205196493
63507	NP_217835.1	-2587.521642124537	-1976.807488602758
63504	NP_217731.1	-2412.825876163534	-1804.2789346561913
63499	NP_217561.1	3461.4427378933897	-208.74871721984255
63497	NP_217560.1	3461.4427378933897	36.78073635262626
63494	NP_217557.1	3310.190357115437	20.333381651927084
63492	NP_217545.1	-2531.206872951745	-1771.7655875149276
63490	NP_217544.1	-2500.173759144035	-1890.5432116294742
63487	NP_217533.1	3371.572720508554	-85.98399043360769
63485	NP_217506.1	2888.5619248402318	-9.411324676889308
63481	NP_217436.1	634.8320494606278	-924.9839904336077
63479	NP_217311.1	3617.102174081024	-85.98399043360769
63477	NP_217310.1	3362.617154382552	264.2845897101188
63475	NP_217309.1	3210.3107690190054	280.29263586983416
63473	NP_217249.1	3126.043266936086	126.65075373746186
63470	NP_217021.1	3003.2785401498522	-85.98399043360769
63468	NP_216900.1	2760.832049460628	-2313.9839904336077
63466	NP_216896.3	2007.9904522716442	-603.418386139585
63464	NP_216895.1	1936.830703362185	-825.8241524916621
63462	NP_216894.1	2081.147835574994	-825.175081731215
63460	NP_216893.1	2008.5425848386967	-726.1818713154589
63456	NP_216798.1	3187.425630329203	-192.30136251914246
63454	NP_216750.1	3064.660903542969	232.96812582299663
63447	NP_216721.2	3585.261469265218	63.81474814984449
63441	NP_216640.1	-2381.7927623558244	-1923.0565587707379
63439	NP_216576.1	3036.1732495512506	36.78073635262626
63437	NP_216575.1	3248.80799372232	-331.5134440060765
63435	NP_216574.1	3371.572720508554	-298.61873460467723
63433	NP_216572.1	3494.33744729479	-85.98399043360769
63431	NP_216571.1	3371.572720508554	126.65075373746186
63429	NP_216461.1	3187.425630329203	20.333381651927084
63425	NP_216445.1	3126.043266936086	-85.98399043360769
63423	NP_216444.1	3310.190357115437	-192.30136251914246
63420	NP_216388.1	2888.5619248402318	-162.55665619032607
63418	NP_216387.1	3064.660903542969	-404.936106690212
63416	NP_216386.1	3495.2449019441783	-359.6799048206158
63414	NP_216375.1	-2635.181300111771	-2095.622894810037
63412	NP_216374.1	-2270.4075508140177	-1803.9857042644753
63410	NP_216373.1	-2469.1406453363256	-2009.3208357440208
63394	NP_215764.2	-2618.5547559322467	-1858.0298644882114
63386	NP_215267.1	3210.3107690190054	-452.26061673704953
63384	NP_215266.1	3585.261469265218	-235.78272901705986
63382	NP_215265.1	3495.2449019441783	187.7119239534004
63380	NP_215202.1	4489.832049460628	1946.0160095663932
63378	NP_215201.1	4610.832049460628	1858.0160095663932
63374	NP_215155.1	3036.1732495512524	-208.74871721984164
63355	NP_214639.1	2950.851742882737	-302.46187815359735
63352	NP_214620.1	2125.1269790319484	-687.7207588316633
63350	NP_216875.1	3248.80799372232	-85.98399043360769
63348	NP_216874.1	-2511.493177450713	-1645.2748212062625
63346	NP_216840.1	-4459.480796121449	5375.208698139465
63342	NP_216729.1	2245.832049460628	486.0160095663923
63337	NP_216691.1	-415.1679505393722	80.01600956639231
63305	NP_215610.1	25.832049460627786	224.0160095663923
63299	NP_216550.1	834.8320494606278	-109.98399043360769
63289	NP_216537.1	-177.1679505393722	1219.0160095663932
63280	NP_216533.1	193.8320494606278	352.0160095663923
63277	NP_216509.1	42.832049460627786	2660.016009566393
63275	NP_216508.1	153.8320494606278	2783.016009566393
63271	NP_216510.1	129.8320494606278	2497.016009566393
63268	NP_218226.1	-270.59440544969675	-1592.9839904336077
63266	NP_217289.1	-454.7414956290477	-1486.666618348073
63263	NP_215809.1	-454.7414956290477	-1699.3013625191425
63261	NP_215002.1	-739.1679505393722	-632.9839904336077
63255	YP_177852.1	-2061.3737701806695	-4099.483990433608
63253	YP_177851.1	647.4019575657558	-2799.2940644766595
63251	YP_177619.1	-2675.1974041118406	-4099.483990433608
63249	NP_216831.1	-2552.4326773256066	-4312.118734604677
63247	NP_216491.1	-2429.667950539372	-4345.013444006077
63245	NP_216490.1	-2306.9032237531383	-4312.118734604677
63243	NP_216489.1	-2217.0332063683027	-4222.2487172198435
63241	NP_216488.1	-2184.138496966904	-4099.483990433608
63239	NP_216487.1	-2306.903223753138	-3886.8492462625386
63237	NP_216486.1	-2429.667950539372	-3853.9545368611393
63235	NP_216485.1	-2368.2855871462552	-3993.1666183480734
63233	NP_216484.1	-2552.4326773256066	-4099.483990433608
63231	NP_216483.1	-2368.2855871462552	-4205.801362519143
63229	NP_216481.1	-2245.520860360021	-3780.531874177004
63227	NP_216480.1	-2797.962130898075	-4099.483990433608
63222	NP_216457.1	640.0984774896842	-2680.8341827507693
63220	NP_216455.1	744.571267854004	-2867.442502007093
63218	NP_216454.1	858.435935814673	-2833.962331906868
63216	NP_216453.1	903.2535440574411	-2724.0648051324624
63214	NP_216452.1	845.2755194629035	-2620.5050008460084
63212	NP_216451.1	728.1604970869166	-2601.265563910234
63210	NP_216450.1	766.7424570473395	-2732.481207290013
63208	NP_216449.1	-2217.0332063683027	-3976.7192636473737
63205	NP_216446.1	380.8320494606278	-1726.9839904336077
63203	NP_216247.2	-2491.050313932489	-3993.1666183480734
63201	NP_216014.1	-2491.0503139324896	-4205.801362519143
63199	NP_215934.1	-2306.903223753138	-4099.483990433608
63197	NP_215933.1	-2613.8150407187236	-3780.531874177004
63195	NP_215932.2	-2613.8150407187236	-4418.436106690213
63193	NP_215931.1	-2245.520860360021	-4418.436106690213
63191	NP_215839.1	-2552.4326773256066	-3886.8492462625386
63189	NP_214750.1	-2642.3026947104418	-3976.7192636473737
63187	NP_214749.1	-2642.3026947104418	-4222.248717219842
63184	NP_216479.1	-2429.667950539372	-4099.483990433608
63142	NP_215962.1	210.56732267439384	-722.4839904336077
63140	NP_215961.1	333.3320494606278	-845.2487172198416
63137	NP_215615.3	426.8320494606278	-2236.9839904336077
63135	NP_215614.1	1275.8320494606278	-1690.9839904336077
63133	NP_215613.1	333.3320494606278	-599.7192636473737
63109	NP_216369.1	1493.8320494606278	-1720.9839904336077
63107	NP_216368.1	1426.8320494606278	-1805.9839904336077
63105	NP_216367.1	1293.8320494606278	-1637.9839904336077
63103	NP_216366.1	1272.8320494606278	-1601.9839904336077
63101	NP_216365.1	1410.8320494606278	-1769.9839904336077
63099	NP_216364.1	1422.8320494606278	-1635.9839904336077
63097	NP_216363.1	1395.8320494606278	-1599.9839904336077
63092	NP_215972.1	118.83204946062779	-1346.9839904336077
63080	YP_177916.1	-1261.1679505393722	981.0160095663932
63077	NP_217511.1	-1395.1679505393722	1377.0160095663932
63075	NP_216135.1	-1351.5944054496968	1179.0160095663932
63073	NP_216134.1	-1535.7414956290477	1285.333381651927
63071	NP_216133.1	-1535.7414956290477	1072.6986374808575
63069	NP_215954.1	-162.1222281776627	-2898.073341734801
63067	NP_215953.1	-47.167950539372214	-2854.9839904336077
63065	NP_215952.1	67.78632709891826	-2811.8946391324153
63058	NP_216301.1	-1474.3591322359307	1179.0160095663932
63054	YP_177736.1	66.83204946062779	296.0160095663923
63051	NP_215781.1	-40.167950539372214	368.0160095663923
63049	NP_215758.1	576.7529254842293	-3139.521847194884
63047	NP_215757.1	696.8320494606278	-3113.9839904336077
63045	NP_215756.1	816.9111734370263	-3088.4461336723316
63043	NP_216191.1	-4.167950539372214	332.0160095663923
63041	YP_177864.1	2407.832049460628	877.0160095663932
63037	NP_216656.1	2336.832049460628	939.0160095663932
63035	NP_216212.1	2160.832049460628	432.0160095663923
63033	NP_216175.1	1220.8320494606278	1013.8249144092342
63031	NP_216174.1	922.8320494606278	-1532.9839904336077
63028	NP_216172.1	1110.3049628864119	968.0430961406082
63026	NP_216171.1	1064.5231446177868	857.5160095663932
63024	NP_216170.1	1110.3049628864119	746.9889229921764
63022	NP_216169.1	1220.8320494606278	701.2071047235504
63020	NP_216168.1	1331.3591360348437	746.9889229921764
63013	NP_215704.1	-26.167950539372214	1827.0160095663932
63011	NP_215703.1	1377.1409543034697	857.5160095663932
63009	NP_215517.1	1331.3591360348437	968.0430961406082
63008	NP_216173.1	1220.8320494606278	857.5160095663932
63002	NP_215991.1	1009.8320494606278	-1538.9839904336077
63000	NP_216447.1	333.3320494606278	-722.4839904336077
62998	NP_215920.1	456.09677624686174	-722.4839904336077
62996	YP_177804.1	2336.832049460628	582.0160095663923
62994	NP_216655.1	83.83204946062779	1342.0160095663932
62992	NP_215901.1	2175.832049460628	588.0160095663923
62990	NP_215899.1	2169.832049460628	483.0160095663923
62988	NP_215898.1	2410.832049460628	684.0160095663923
62986	NP_215897.1	2251.832049460628	601.0160095663923
62984	NP_215896.1	2084.832049460628	506.0160095663923
62982	NP_215895.1	1189.8320494606278	1309.0160095663932
62958	NP_215875.1	75.83204946062779	260.0160095663923
62956	NP_215873.1	-4601.480796121449	5375.208698139465
62947	YP_177956.1	-2352.8590456965308	724.5160095663923
62945	YP_177955.1	-2398.6408639651563	835.0430961406082
62942	YP_177868.1	-2509.167950539372	880.8249144092342
62938	NP_217567.1	971.8320494606278	467.0160095663923
62936	NP_217541.1	-2619.695037113588	835.0430961406082
62932	NP_216851.1	-2665.4768553822137	724.5160095663923
62929	NP_216587.1	-1647.1679505393722	-959.9839904336077
62922	NP_215306.1	-2619.695037113588	613.9889229921764
62920	NP_214657.1	-2509.167950539372	568.2071047235504
62918	NP_214605.1	-2398.6408639651563	613.9889229921764
62916	YP_178016.1	-6125.480796121449	5543.124187427372
62914	NP_218312.1	-6125.480796121449	5398.805595614044
62912	NP_218311.1	-5988.225658954844	5354.208698139465
62910	NP_218310.1	-5988.225658954844	5587.721084901951
62908	NP_215783.1	-6026.162045841588	5470.964891520708
62907	NP_215782.1	-5903.397319055354	5470.964891520708
62905	NP_215746.1	-2057.167950539372	-7167.983990433608
62903	NP_215745.1	-2307.167950539372	-7280.983990433608
62901	YP_178023.1	312.8320494606278	1157.0160095663932
62899	YP_177999.1	2411.645288470715	1800.9700088633626
62897	YP_177998.1	2585.8193216666705	1484.1486186282118
62895	YP_177987.1	3050.577597007604	1395.4912360414246
62891	YP_177942.1	2431.832049460628	915.0160095663932
62888	YP_177888.1	2552.7487258991614	1988.4800379186863
62886	YP_177838.1	2962.785662725252	1499.817045359866
62884	YP_177806.1	1785.8320494606278	-2252.9839904336077
62882	YP_177805.1	1905.8320494606278	-2336.9839904336077
62878	YP_177775.1	2338.0762568891323	2112.180573872146
62876	YP_177754.1	2709.1501150269096	1278.7350426601815
62874	YP_177748.1	3088.513983894346	1278.7350426601815
62871	YP_177744.1	3395.4258008599327	2223.3124890997087
62860	NP_218391.1	424.8320494606278	1206.0160095663932
62850	NP_218370.1	2686.1973052895582	1739.7512827801575
62848	NP_218369.1	2960.2144128537448	1968.833381651927
62845	NP_218343.1	2488.1038690908654	1406.3561522547107
62839	NP_218290.1	3309.56022983039	2318.675866878072
62836	NP_218223.1	2501.557048341184	2151.153193193045
62833	NP_218137.1	2689.7493358597394	1418.192626027253
62831	NP_218136.1	3161.954569821989	1447.9012611974222
62824	NP_218110.1	2530.537869101926	1862.5160095663932
62822	NP_218109.1	3082.9791396399787	1543.563893309788
62812	NP_217950.1	1890.8320494606278	-940.9839904336077
62810	NP_217801.1	3205.7438664262127	1330.9291491387185
62808	NP_217800.1	3499.2421642641084	1990.1371191609223
62806	NP_217799.1	2962.99409063282	2472.9770534054614
62804	NP_217798.1	2442.257024411284	2043.286850100948
62802	NP_217797.1	2442.257024411284	1681.7451690318348
62798	NP_217740.1	779.8320494606278	583.0160095663923
62795	NP_217721.1	1904.8320494606278	2786.016009566393
62790	NP_217566.1	1397.8320494606278	-2495.9839904336086
62787	NP_217487.1	741.8320494606278	746.0160095663923
62779	NP_217458.1	2962.99409063282	1252.0549657273232
62777	NP_217457.1	3459.5878420321233	1612.8514452606369
62774	NP_217443.1	2834.6700082884354	2472.9770534054614
62772	NP_217442.1	2411.645288470715	1924.0620102694202
62770	NP_217441.1	2501.5570483411857	1573.878825939738
62768	NP_217308.1	2929.6658933597564	1372.4260950029684
62766	NP_217307.1	3256.798586985132	1526.3630558398227
62764	NP_217306.3	3389.8909566055654	1862.5160095663932
62762	NP_217305.1	2929.6658933597546	2352.6059241298162
62758	NP_217232.1	3180.9617597574697	1625.7810737121572
62754	NP_217224.1	2776.067322674394	1649.8812653953219
62752	NP_217200.1	2837.449686067511	1968.833381651927
62750	NP_217188.1	2298.421934657147	1990.1371191609223
62745	NP_217039.1	3499.2421642641084	1734.8948999718586
62743	NP_217038.1	3205.7438664262127	2394.102869994066
62741	NP_217028.1	2591.920232495043	2394.102869994066
62738	NP_216973.1	82.83204946062779	-1052.9839904336077
62736	NP_216959.1	1440.5929708735575	-2611.0608418973834
62732	NP_216864.1	3374.463438043441	1984.6373937755643
62730	NP_216863.1	2806.8167859007817	2344.8769134116274
62728	NP_216862.1	2552.7487258991614	1736.5519812141001
62726	NP_216792.1	3244.915373022094	1736.5519812140983
62724	NP_216791.1	2962.785662725252	2225.2149737729187
62722	NP_216789.1	2898.832049460628	1616.9865559939235
62720	NP_216788.1	2776.067322674394	1862.5160095663932
62718	NP_216787.1	2285.008415529456	1862.5160095663914
62709	NP_216736.1	1319.5530334119348	-2590.5544603983226
62707	NP_216735.1	1886.8320494606278	-2081.9839904336077
62704	NP_216733.1	1871.8320494606278	-2117.9839904336077
62702	NP_216732.1	2007.8320494606278	-2135.9839904336077
62700	NP_216731.1	1970.8320494606278	-2190.9839904336077
62698	NP_216720.1	-312.1679505393722	746.0160095663923
62692	NP_216701.1	2834.8784361960033	2225.2149737729187
62690	NP_216627.1	3021.5967762468617	1649.8812653953219
62688	NP_216610.1	2837.449686067511	1756.1986374808575
62686	NP_216570.1	2298.421934657147	1734.8948999718605
62682	NP_216496.1	3309.56022983039	1406.3561522547107
62680	NP_216448.1	3459.587842032125	2112.180573872146
62678	NP_216441.2	2709.1501150269096	2446.296976472605
62670	NP_216344.1	3329.1502500867764	1625.9465768489472
62668	NP_216343.1	3329.1502500867764	2099.0854422838393
62659	NP_216152.1	2686.1973052895582	1985.2807363526272
62657	NP_216147.1	3021.5967762468617	2075.150753737461
62655	NP_216146.1	3021.5967762468617	1862.5160095663932
62653	NP_216142.1	2591.920232495043	1330.9291491387185
62649	NP_215914.1	3512.6556833917994	1862.5160095663932
62647	NP_215913.1	3088.513983894348	2446.296976472603
62645	NP_215904.1	2488.1038690908654	2318.675866878072
62630	NP_215749.1	3267.1262298193296	1862.5160095663932
62626	NP_215690.1	3111.4667936316973	1739.7512827801575
62619	NP_215643.1	-316.1679505393722	1382.0160095663932
62617	NP_215642.1	-254.1679505393722	1466.0160095663932
62615	NP_215595.1	-474.1679505393722	917.0160095663932
62613	NP_215594.1	2402.238298061323	2223.3124890997087
62609	NP_215587.1	2806.8167859007817	1380.1551057211573
62607	NP_215586.1	1476.1110655093216	-2401.413520468893
62605	NP_215585.1	3374.4634380434427	1740.394625357224
62602	NP_215554.1	2689.7493358597376	2306.83939310553
62600	NP_215553.1	2616.702339163784	1625.781073712159
62598	NP_215537.1	3244.915373022094	1988.4800379186863
62596	NP_215536.1	2714.684959281277	2181.4681258229966
62594	NP_215535.1	3144.3615030330957	1862.5160095663932
62592	NP_215533.1	-507.1679505393722	1544.0160095663932
62590	NP_215514.1	2338.0762568891323	1612.8514452606387
62588	NP_215513.1	2834.6700082884354	1252.0549657273232
62586	NP_215512.1	3395.425800859931	1501.719530033074
62580	NP_215467.1	1884.8320494606278	-2200.9839904336077
62578	NP_215466.1	2146.832049460628	-2171.9839904336077
62576	NP_215411.1	1518.8719869222514	-2516.4903719326694
62574	NP_215403.1	-12.167950539372214	1863.0160095663932
62572	NP_215381.1	3256.79858698513	2198.668963292964
62570	NP_215380.1	2585.8193216666705	2240.883400504573
62568	NP_215379.1	2714.684959281277	1543.563893309788
62566	NP_215378.2	3180.9617597574697	2099.2509454206256
62564	NP_215274.1	2776.067322674394	2075.150753737461
62562	NP_215273.3	3111.4667936316973	1985.2807363526272
62560	NP_215247.1	2960.2144128537448	1756.1986374808575
62558	NP_215246.1	2402.2382980613247	1501.719530033076
62542	NP_215164.1	1355.071128047698	-2380.907138969832
62540	NP_215077.1	3161.954569821989	2277.1307579353643
62538	NP_215015.2	1276.792111999005	-2475.477608934548
62536	NP_214994.2	2834.8784361960033	1499.817045359866
62534	NP_214993.1	3082.9791396399787	2181.4681258229966
62531	NP_214970.1	2653.30259588816	1862.5160095663932
62529	NP_214969.1	2898.832049460628	2108.045463138861
62508	NP_214741.1	3050.577597007604	2329.540783091362
62506	NP_214734.1	2616.702339163786	2099.2509454206256
62484	NP_214523.1	1588.8320494606278	-2227.9839904336077
62480	NP_215549.1	-1.1679505393722138	1514.0160095663932
62478	NP_215547.1	-5255.333705942097	5460.526070225001
62476	NP_215546.1	-5439.480796121449	5566.843442310535
62474	NP_215545.1	-5439.480796121449	5354.208698139465
62473	NP_215543.1	-5378.098432728332	5460.526070225001
62467	YP_177892.1	-1531.5095649731975	3067.333381651927
62464	YP_177861.1	1716.2601767993665	786.1790467780947
62462	YP_177843.1	-1522.5409282948212	3325.5614862054
62459	YP_177800.1	989.8320494606278	-483.9839904336077
62447	NP_218150.1	-1317.1322698578515	3296.0281797235357
62445	NP_218135.1	-217.1679505393722	-1250.9839904336077
62443	NP_218134.1	-219.1679505393722	-1286.9839904336077
62432	NP_218100.1	-1408.7448381869635	2854.6986374808575
62430	NP_218099.1	-1711.3085988375578	3239.3541796096315
62428	NP_218041.1	1672.8320494606278	3399.016009566393
62424	NP_217921.1	1801.1021375859636	874.9090858448299
62422	NP_217920.1	1596.99672849549	815.2893205928021
62420	NP_217871.1	-1160.298421232158	2761.9011428331223
62398	NP_217610.1	-1823.5028798573667	3064.7764706686676
62396	NP_217609.1	-1711.3085988375578	2682.677839523153
62394	NP_217608.1	-1522.5409282948222	2596.4705329273847
62392	NP_217456.1	-140.65280851801344	2302.1381272987173
62377	NP_217227.1	3947.3863814063507	-2221.4839904336077
62375	NP_217226.1	1139.8320494606278	-235.9839904336077
62373	NP_217222.1	-1224.5977480076126	2961.016009566393
62371	NP_217221.1	-1470.1272015800805	3206.545463138861
62369	NP_217147.2	-854.6768950892238	-982.4752031058579
62359	NP_217116.1	-1317.1322698578515	2626.003839409249
62350	NP_217001.1	806.8320494606278	-198.9839904336077
62342	NP_216741.1	-1347.3624747938466	2748.381265395322
62340	NP_216688.1	-1347.3624747938466	3173.650753737461
62338	NP_216590.1	-1592.8919283663154	2961.016009566393
62336	NP_216569.1	-170.6363086073643	2183.091212742772
62334	NP_216568.1	-110.66930842866168	2421.185041854663
62327	NP_216523.1	-731.9314696312667	-980.2983539967172
62325	NP_216521.1	-856.8537441983635	-859.7297776479008
62323	NP_216520.1	-977.4223205471799	-984.6520522149976
62321	NP_216519.1	-852.500045980084	-1105.220628563814
62312	NP_216327.1	-1935.1679505393722	2099.016009566393
62310	NP_216294.1	-1257.492457409011	2838.2512827801575
62302	NP_215859.1	1132.8320494606278	-433.9839904336077
62290	NP_215737.1	2898.832049460628	1862.5160095663932
62286	NP_215710.1	-1682.76194575115	3083.780736352627
62281	NP_215589.1	-122.16795053937221	2573.016009566393
62279	NP_215588.1	-139.1679505393722	2482.016009566393
62277	NP_215573.1	-417.1679505393722	2245.016009566393
62275	NP_215529.1	1750.6816643166467	668.3387338966504
62273	NP_215507.1	-21.167950539372214	-504.9839904336077
62271	NP_215506.1	109.83204946062779	-1012.9839904336077
62269	NP_215505.1	443.8320494606278	-472.9839904336077
62267	NP_215504.1	18.832049460627786	-989.9839904336077
62259	NP_215358.1	-1101.8330212213777	2961.016009566393
62257	NP_215357.1	-1160.298421232158	3160.1308762996605
62255	NP_215343.1	-1592.8919283663154	3173.650753737461
62253	NP_215342.1	-1715.6566551525493	2961.0160095663914
62251	NP_215211.1	-1682.76194575115	2838.2512827801575
62249	NP_215210.1	-1592.8919283663154	2748.381265395322
62247	NP_215209.1	-1470.1272015800805	2715.4865559939235
62245	NP_215208.1	-1257.492457409011	3083.780736352627
62243	NP_215207.1	-1408.7448381869635	3067.333381651927
62241	NP_215206.1	-1531.5095649731984	2854.6986374808575
62239	NP_215169.1	-1347.3624747938466	2961.016009566393
62232	NP_214997.1	1053.8320494606278	-536.9839904336077
62206	NP_214632.1	-1823.5028798573667	2857.255548464117
62194	NP_214561.1	-1921.1679505393722	-506.9839904336077
62192	NP_214560.1	-1842.1679505393722	-586.9839904336077
62184	YP_177725.1	-1106.1659838628184	771.3584151456516
62182	NP_218064.1	2121.832049460628	3272.016009566393
62170	NP_217419.1	-897.6653268578457	818.9473295130965
62168	NP_217416.1	-1013.3744620083153	845.3571845385186
62166	NP_217020.1	-110.16795053937221	-1214.9839904336077
62164	NP_217019.1	-138.1679505393722	-857.9839904336077
62162	NP_217018.1	-126.16795053937221	-1286.9839904336077
62160	NP_217017.1	-151.1679505393722	-1178.9839904336077
62158	NP_217016.1	-100.16795053937221	-893.9839904336077
62156	NP_217015.1	-399.1679505393722	-692.9839904336077
62154	NP_217014.1	-138.1679505393722	-947.9839904336077
62152	NP_216193.1	-1106.1659838628184	652.673603987133
62150	NP_216192.1	-1013.3744620083153	578.674834594266
62147	NP_216136.1	-897.6653268578457	605.0846896196881
62145	NP_216072.1	-1684.3548511054187	-3255.193144748032
62143	NP_216071.1	-1710.374383486861	-3081.281289191281
62141	NP_216070.1	-1816.0753552282522	-3138.693967230901
62139	NP_216069.1	-1860.14283918023	-3250.617905174924
62137	NP_216068.1	-1821.957169846134	-3364.682648563329
62135	NP_215833.1	486.8320494606278	873.0160095663932
62133	NP_215832.1	817.8320494606278	739.0160095663923
62131	NP_215681.1	-1719.3858462938306	-3427.5160362762645
62129	NP_215680.1	-1600.4231307667242	-3409.7176278875286
62127	NP_215679.1	-1520.732999983261	-3319.6154964894877
62125	NP_215678.1	-1517.6033517941742	-3199.3694307369306
62123	NP_215677.1	-1592.4985833693017	-3105.243901181643
62112	NP_214781.1	-846.169917215926	712.0160095663923
62109	NP_215359.1	-982.9402089534124	712.0160095663923
62090	NP_215333.1	665.8320494606278	614.0160095663923
62087	NP_215307.1	-982.1679505393722	-1510.9839904336077
62085	YP_178026.1	-2521.5572166037787	4429.5519812140965
62083	YP_178022.1	-1679.0006686113893	4529.68223959224
62081	YP_178021.1	-1585.842309967341	4609.636591303985
62079	YP_178003.1	-2929.0229035583625	4449.1986374808575
62075	YP_177973.1	-41.38675611995677	949.8040292389478
62073	YP_177972.1	-2774.690591499268	3948.7707907014546
62070	YP_177964.1	-2266.3819120812536	4431.954220460598
62068	YP_177957.1	-2654.456367780653	5131.130431047616
62066	YP_177937.1	-3264.9155412846885	4844.153193193045
62062	YP_177903.1	579.3311193999543	2148.979496663437
62060	YP_177878.1	-978.1679505393722	-500.9839904336077
62058	YP_177826.1	-2604.5180198038847	4970.130757935364
62056	YP_177801.1	-1608.5056303708052	4730.291272320465
62054	YP_177797.1	-2803.6869269006215	4192.817045359866
62050	YP_177779.1	-2931.5941534298695	4918.214973772919
62048	YP_177778.1	-2622.1110865927767	4555.516009566393
62046	YP_177762.1	759.5845543345595	1032.9197946572285
62042	YP_177709.1	732.4185702470868	822.0275384284732
62040	YP_177707.1	-2542.9499291275474	4034.5981075161408
62038	YP_177669.1	-2253.816906234074	4555.516009566393
62036	YP_177650.1	-2774.690591499265	5162.26122843133
62034	YP_009030045.1	-3324.21556521459	4736.286850100948
62032	YP_009030037.1	-2959.6558037250916	4073.1551057211573
62030	NP_218423.1	-2604.5180198038834	4140.901261197422
62028	NP_218422.1	-2376.5816330203083	4555.516009566393
62026	NP_218421.1	-2715.89499261827	5022.540783091362
62024	NP_218420.1	-3213.7238637267124	4681.480037918686
62022	NP_218419.1	-2683.493449985895	4236.563893309788
62020	NP_218398.1	-2521.5572166037778	4681.480037918686
62018	NP_218397.1	-3051.7876303445964	4874.468125822995
62016	NP_218396.1	-343.1679505393722	-431.9839904336077
62014	NP_218395.1	-2408.3852090901005	5131.4039795947765
62012	NP_218394.1	-3453.3137658051087	4739.272169574883
62010	NP_218393.1	-3137.9648786363887	4004.4223645271786
62008	NP_218388.1	230.237075474236	1906.106101227927
62006	NP_218387.1	300.7575296469613	1753.6766009811827
62004	NP_218386.1	452.7591258015227	1682.2385035214566
62002	NP_218385.1	615.1186277876304	1725.2184885961697
62000	NP_218384.1	711.8662202011155	1862.5057435195367
61998	NP_218383.1	412.06307281374484	2164.1217419868126
61996	NP_218382.1	352.5663415140889	1916.4370650285518
61994	NP_218381.1	545.0071176707852	1825.993258712674
61992	NP_218379.1	-1701.6639890148535	4650.33692060872
61990	NP_218366.1	-515.6679505393722	1941.5160095663932
61984	NP_218321.1	474.89560755393995	1926.7680288291785
61982	NP_218285.1	-3031.5468701334325	5273.636562218043
61980	NP_218284.1	-452.1679505393722	2377.016009566393
61977	NP_218133.1	-5.167950539372214	2064.016009566393
61975	NP_218132.1	-62.167950539372214	1996.0160095663932
61973	NP_218131.1	-98.16795053937221	2094.016009566393
61971	NP_218130.1	-1.1679505393722138	2100.016009566393
61969	NP_218129.1	59.832049460627786	2219.016009566393
61966	NP_217996.2	-2509.674002640741	4219.363055839823
61964	NP_217919.1	188.87521495463534	699.4569468342634
61961	NP_217829.1	-3076.7232537661353	4999.83939310553
61959	NP_217787.1	-518.1679505393722	2414.016009566393
61957	NP_217786.1	-227.1679505393722	2558.016009566393
61955	NP_217785.3	-2803.6869269006206	4918.214973772919
61953	NP_217735.1	-33.167950539372214	-1103.9839904336077
61951	NP_217713.1	243.73500013846206	904.8929183637911
61949	NP_217682.1	-3404.335157402535	4853.405823761151
61947	NP_217681.1	-3404.335157402536	4257.626195371636
61945	NP_217680.1	-1661.1679505393722	1181.0160095663932
61943	NP_217679.1	-2303.562516807081	4313.451065518694
61941	NP_217678.1	-2444.736362239844	5000.410952070472
61939	NP_217677.1	-3137.964878636387	5106.609654605608
61937	NP_217676.1	-3264.915541284688	4266.878825939738
61921	NP_217659.1	-2744.875813379011	4342.881265395322
61919	NP_217657.1	-2806.258176772128	4449.1986374808575
61917	NP_217654.1	-1563.1789895638767	4488.981910287505
61915	NP_217653.1	-1470.0206309198284	4568.936261999251
61897	NP_217410.1	-3180.6532679592024	4933.883400504573
61895	NP_217403.1	-3213.723863726713	4429.5519812141
61892	NP_217261.1	-339.1679505393722	1514.0160095663932
61890	NP_217259.1	527.1133634769476	2037.873762746306
61888	NP_217181.1	-2655.0057959941755	4678.280736352627
61886	NP_217175.1	-778.1679505393722	-714.9839904336077
61884	NP_217174.1	-860.1679505393722	-744.9839904336077
61882	NP_217173.1	-854.1679505393722	-708.9839904336077
61880	NP_217172.1	-968.1679505393722	-750.9839904336077
61878	NP_217171.1	-2266.3819120812523	4679.077798672181
61876	NP_217170.1	-2898.730197037417	5168.551805265174
61873	NP_217159.1	-3180.6532679592015	4177.14861862821
61871	NP_217158.1	-2715.894992618269	4088.4912360414246
61869	NP_217157.1	-2392.0091515824306	4433.394625357222
61862	NP_217137.1	-2585.510829868403	4318.781073712157
61860	NP_217136.1	-2585.510829868402	4792.250945420626
61858	NP_217135.1	-2990.4052669514795	4768.150753737461
61856	NP_217106.1	-1312.1679505393722	-224.9839904336077
61854	NP_217040.1	274.1950675383132	2068.203547031043
61848	NP_216906.1	-2444.7363622398475	4110.621067062309
61846	NP_216905.1	-2303.5625168070787	4797.580953614083
61844	NP_216892.1	-3021.496988370343	5149.744624594464
61842	NP_216848.2	-3354.8273011551582	4617.06201026942
61840	NP_216847.1	-2836.8066962661164	4065.4260950029684
61838	NP_216845.1	-2437.3223395390964	4318.946576848947
61835	NP_216805.1	-2509.674002640742	4891.668963292964
61833	NP_216804.1	-3149.770250462088	4792.250945420626
61831	NP_216770.1	-3149.7702504620884	4318.781073712159
61829	NP_216694.1	486.8320494606278	1018.0160095663932
61826	NP_216653.1	-3080.2752843363146	4678.280736352627
61824	NP_216526.1	-2744.875813379011	4768.150753737461
61822	NP_216525.1	-3531.2837216309044	4875.109721704933
61819	NP_216502.1	-3333.384208311328	4155.688185179069
61817	NP_216370.1	-810.1679505393722	2315.016009566393
61815	NP_216333.1	-532.1679505393722	2487.016009566393
61813	NP_216332.1	-2542.9499291275433	5076.43391161664
61811	NP_216331.1	-3243.3656587236615	5040.91284603809
61808	NP_216243.1	38.392337350841444	849.6849002143781
61806	NP_216242.1	-16.467447832985272	644.2489286848513
61804	NP_216203.1	-2392.009151582431	4677.637393775564
61802	NP_216202.1	-2836.8066962661173	5045.605924129814
61800	NP_216201.1	-3235.934720523948	4555.516009566393
61798	NP_216156.1	-1882.1679505393722	1524.0160095663932
61796	NP_216155.1	-2683.493449985894	4874.468125822997
61794	NP_216132.1	-3113.169993737714	4555.516009566393
61792	NP_216131.1	-2867.640540165245	4801.045463138861
61790	NP_216091.2	-3531.283721630905	4235.922297427852
61788	NP_216090.1	-3478.3148435363037	4617.615516607436
61786	NP_216044.1	-3021.496988370345	3961.2873945383208
61784	NP_216043.1	-2363.836542085545	4204.858077827529
61782	NP_216041.1	-2363.8365420855416	4906.17394130525
61778	NP_216033.1	-3354.8273011551582	4493.970008863363
61776	NP_216022.1	697.7326293219867	2029.8620359350325
61774	NP_216021.1	404.7840974370956	2027.5427989456812
61772	NP_215951.1	-2437.3223395390974	4792.085442283839
61770	NP_215818.1	-2959.6558037250925	5037.876913411627
61762	NP_215735.1	-3080.2752843363146	4432.751282780157
61760	NP_215734.1	-2806.258176772128	4661.833381651927
61758	NP_215733.1	-3031.5468701334335	3837.39545691474
61756	NP_215732.1	-3478.314843536304	4493.416502525347
61746	NP_215695.1	-3324.2155652145893	4374.745169031835
61740	NP_215645.1	422.6778516309332	1815.6622949120474
61738	NP_215644.1	597.2248735937928	1937.0989926298034
61735	NP_215520.1	-3051.7876303445973	4236.563893309788
61729	NP_215479.1	-2655.0057959941755	4432.751282780157
61727	NP_215477.1	-2744.875813379011	4555.516009566393
61725	NP_215364.1	563.3635109353027	951.0000988814054
61723	NP_215362.1	-3243.3656587236624	4070.119173094693
61721	NP_215350.1	-2654.456367780657	3979.9015880851666
61717	NP_215294.1	-1974.1679505393722	2267.016009566393
61715	NP_215281.1	32.06302872088963	488.5912061378531
61713	NP_215280.1	289.1294636364719	619.8477176400211
61711	NP_215279.1	-48.34181197297403	762.8035703213982
61709	NP_215278.1	102.14106563081987	612.5756169412834
61707	NP_215277.1	157.00085081464658	818.0115884708111
61705	NP_215276.1	70.2667014908302	731.1302585778312
61703	NP_215272.1	-2931.5941534298704	4192.817045359866
61698	NP_215138.1	-2990.405266951479	4342.881265395322
61696	NP_215137.1	-2929.022903558362	4661.833381651927
61694	NP_215111.1	-2408.3852090901014	3979.6280395380063
61692	NP_215098.1	-3453.3137658051087	4371.759849557901
61690	NP_215033.1	-2898.7301970374197	3942.4802138676105
61683	NP_214919.1	-3333.3842083113273	4955.343833953716
61681	NP_214918.1	-3076.7232537661343	4111.192626027253
61676	NP_214795.1	685.1222118389824	935.315810655703
61669	NP_214727.1	-2499.3463598065423	4555.516009566393
61666	NP_214722.1	-2867.640540165245	4309.9865559939235
61664	NP_214721.1	-2990.4052669514795	4555.516009566393
61662	NP_214720.1	-2131.0521794478395	4555.516009566393
61659	NP_214630.1	-172.20722892171307	692.5154215085413
61657	NP_214556.1	-1492.6839513232926	4689.590943015731
61656	NP_215271.1	-2867.640540165245	4555.516009566393
61654	YP_177912.1	-5560.397319055354	5470.964891520708
61652	NP_217394.1	-5645.225658954845	5587.721084901951
61650	NP_216176.1	-5782.480796121449	5543.124187427372
61648	NP_215655.1	-5782.480796121449	5398.805595614046
61646	NP_215250.1	-5645.225658954845	5354.208698139465
61644	NP_215249.1	-5683.162045841588	5470.964891520708
61639	NP_218165.1	253.8320494606278	-1313.9839904336077
61631	NP_215499.1	-178.1679505393722	1782.0160095663932
61629	NP_215498.1	-324.1679505393722	1710.0160095663932
61627	NP_215497.1	-299.1679505393722	1618.0160095663932
61625	NP_215496.2	-1470.1272015800805	2961.016009566393
61622	NP_214836.1	-592.1679505393722	-62.98399043360769
61620	YP_177745.1	2162.832049460628	384.0160095663923
61618	YP_177740.1	3063.6694291878784	739.8694623113433
61616	NP_215591.1	721.8320494606278	3090.016009566393
61614	NP_215590.1	1151.8320494606278	2958.016009566393
61612	NP_215375.1	1786.8320494606278	-159.9839904336077
61610	NP_215374.1	1760.8320494606278	-195.9839904336077
61608	NP_215188.1	2098.832049460628	888.0160095663932
61606	NP_215187.1	2123.832049460628	787.0160095663932
61604	NP_215186.1	2174.832049460628	845.0160095663932
61602	NP_215185.1	2080.832049460628	336.0160095663923
61600	NP_215184.1	2046.8320494606278	386.0160095663923
61598	NP_215108.1	2174.0967762468617	3503.516009566393
61596	NP_215107.1	2051.332049460628	3626.280736352627
61594	NP_215106.1	1928.5673226743938	3503.516009566393
61592	NP_215105.1	2051.332049460628	3380.7512827801575
61590	NP_215102.1	3296.6275892644016	817.4272357796153
61588	NP_215101.1	3180.14850922614	778.6483490454784
61586	NP_215100.1	2051.332049460628	3503.516009566393
61584	NP_215091.1	-4722.480796121449	5465.208698139465
61582	NP_215090.1	-4746.480796121449	5375.208698139465
61580	YP_177735.1	848.8320494606278	-428.9839904336077
61577	NP_217559.1	381.8320494606278	-1269.9839904336077
61575	NP_216758.1	612.8320494606278	-1755.9839904336077
61573	NP_216757.3	669.8320494606278	-1689.9839904336077
61571	NP_216734.1	962.8320494606278	-1447.9839904336077
61565	NP_216682.1	1042.8320494606278	356.0160095663923
61563	NP_216681.4	921.8320494606278	914.0160095663932
61561	NP_216680.1	1165.8320494606278	4.016009566392313
61559	NP_216679.1	1061.8320494606278	-55.98399043360769
61557	NP_216674.1	1188.8320494606278	-116.98399043360769
61555	NP_216673.1	1044.8320494606278	48.01600956639231
61553	NP_216672.1	1068.8320494606278	-19.983990433607687
61551	NP_216671.3	1177.8320494606278	47.01600956639231
61549	NP_216669.1	1186.8320494606278	-65.98399043360769
61547	NP_216668.1	1121.8320494606278	84.01600956639231
61544	NP_216353.1	-1234.9032237531383	-911.4839904336077
61542	NP_215967.1	379.8320494606278	-1305.9839904336077
61540	NP_215774.1	-1357.6679505393722	-788.7192636473737
61538	NP_215773.1	-1357.6679505393722	-1034.2487172198416
61535	NP_215044.1	798.8320494606278	-543.9839904336077
61533	NP_215042.1	895.8320494606278	-496.9839904336077
61531	NP_215041.2	881.8320494606278	-304.9839904336077
61529	NP_215040.1	895.8320494606278	-542.9839904336077
61527	NP_215039.1	924.8320494606278	-426.9839904336077
61525	NP_215038.1	1006.8320494606278	-406.9839904336077
61522	NP_214976.1	722.8320494606278	-1653.9839904336077
61520	NP_214906.1	762.8320494606278	-347.9839904336077
61507	NP_215008.2	-1357.6679505393722	-911.4839904336077
61502	YP_177919.1	51.832049460627786	-1088.9839904336077
61500	YP_177882.1	-5757.277666050359	-485.65246377430776
61498	YP_177881.1	-5165.058235028384	-485.65246377430685
61496	YP_177874.1	-4808.166293557726	-13.051155488669792
61494	YP_177829.1	-5279.370110874087	747.9691395363388
61491	YP_177815.1	-1638.0296044277557	2052.528544699612
61489	YP_177808.1	2210.3727984199186	-1511.4839904336077
61485	YP_177784.1	-5198.045430178012	523.6307579353634
61483	YP_177771.1	-1842.1679505393722	1039.0160095663932
61481	YP_177770.1	-2131.167950539372	2008.0160095663932
61479	YP_177766.1	-5179.03824024253	-127.7189262878428
61477	YP_177765.1	-5525.121563803997	471.7149737729196
61474	YP_177711.1	484.8320494606278	-382.9839904336077
61472	YP_177710.1	520.8320494606278	-490.9839904336077
61469	YP_177690.1	1313.6714481216904	-771.240637151659
61466	YP_009030038.1	-1646.88267438187	1819.1840398920222
61464	YP_007410963.1	-4796.855104957296	109.01600956639231
61462	NP_218408.1	-5399.872894107116	770.4950136642719
61460	NP_218407.1	-5952.101067248758	556.5606796534857
61458	NP_218378.1	-5948.354711529286	47.470008863363546
61456	NP_218377.1	-5309.422402992396	-358.0087639585763
61454	NP_218363.1	-210.1679505393722	-1214.9839904336077
61452	NP_218267.1	-5553.18321409922	591.3769134116264
61450	NP_218266.1	-5807.2512741008395	234.9800379186854
61448	NP_218228.1	-5525.121563803998	-253.68295464013408
61446	NP_218177.1	-5092.873770180669	109.01600956639231
61444	NP_218161.1	-5583.932677325607	321.65075373746186
61442	NP_218104.1	-5215.638496966904	109.01600956639231
61440	NP_218103.1	-5583.932677325607	109.01600956639231
61438	NP_218102.1	-6080.621230681243	348.99348877399007
61436	NP_218089.1	1060.8320494606278	-104.98399043360769
61434	NP_218088.1	1049.8320494606278	-140.9839904336077
61431	NP_217940.1	-4808.166293557725	231.0831746214526
61429	NP_217939.1	-5522.463006971628	770.4950136642719
61427	NP_217938.1	-6025.978115338556	458.7316576933754
61425	NP_217937.1	-5917.742975588717	-71.75483096816515
61423	NP_217936.1	-5198.045430178011	-305.5987388025778
61421	NP_217935.1	-1185.1679505393722	1000.0160095663932
61419	NP_217934.1	-1167.1679505393722	1458.0160095663932
61417	NP_217870.2	-5829.462130898075	109.01600956639231
61415	NP_217828.1	-5397.214337274749	-253.682954640135
61413	NP_217827.1	-5115.084626977905	234.9800379186854
61411	NP_217769.1	-688.1679505393722	160.0160095663923
61409	NP_217768.1	-690.1679505393722	254.0160095663923
61407	NP_217767.1	-852.1679505393722	459.0160095663923
61405	NP_217766.1	-928.1679505393722	397.0160095663923
61403	NP_217763.1	-1363.1679505393722	-679.9839904336077
61395	NP_217618.1	-1319.1679505393722	-260.9839904336077
61393	NP_217617.1	-5858.442951658815	-179.62117406026118
61391	NP_217616.1	-5103.201413014868	-227.13694416017734
61389	NP_217539.1	-5103.201413014869	445.1689632929638
61387	NP_217535.1	-20.167950539372214	-1175.9839904336077
61385	NP_217504.1	-1649.1679505393722	909.0160095663932
61383	NP_217503.1	-1649.1679505393722	945.0160095663932
61381	NP_217495.1	-5179.038240242529	345.7509454206256
61379	NP_217494.1	-5673.802694710442	231.78073635262626
61377	NP_217493.1	-5248.533206368303	231.78073635262626
61375	NP_217492.1	-5522.55031393249	2.698637480857542
61373	NP_217382.1	1331.5649684852024	-889.528564175368
61371	NP_217381.1	1217.3766232023881	-700.251071409034
61369	NP_217351.1	-5060.830020399949	-421.1170855116625
61367	NP_217350.1	-1869.5372446208985	-2488.901845200712
61365	NP_217349.1	-2086.8693647091814	-2551.1290853090513
61363	NP_217299.1	-725.1679505393722	-1249.9839904336077
61361	NP_217298.1	-575.1679505393722	45.01600956639231
61358	NP_217278.1	-4985.536561956558	231.1373937755634
61356	NP_217277.1	-5309.422402992397	576.0407830913609
61354	NP_217276.1	-5774.1806783333295	487.3834005045728
61352	NP_217275.1	-5743.297660836216	-127.71892628784099
61350	NP_217274.1	-5115.084626977906	-16.948018785902605
61348	NP_217273.1	-5645.315040718724	427.9681258229966
61346	NP_217204.1	-5461.167950539372	-136.5134440060765
61344	NP_217203.1	-5399.785587146255	215.33338165192708
61342	NP_217202.1	-6114.16960752102	231.0831746214517
61340	NP_217185.1	703.8320494606278	710.0160095663923
61338	NP_217184.1	-102.16795053937221	1812.0160095663932
61336	NP_217169.1	-1248.1679505393722	-1227.9839904336077
61334	NP_217168.1	-1989.527736245026	-2480.464253923831
61332	NP_217167.1	-2116.0149002232915	-2667.8314793991094
61330	NP_217166.1	-2063.326822803757	-2775.9650889966288
61328	NP_217163.2	-5430.334106640244	-381.0739049970316
61326	NP_217154.1	-5030.8497499132245	345.58544228383835
61324	NP_217149.1	-1656.1679505393722	1524.0160095663932
61322	NP_217148.1	-1661.1679505393722	1217.0160095663932
61319	NP_217110.1	-512.1679505393722	711.0160095663923
61317	NP_217109.1	-525.13854690281	833.0936151002306
61315	NP_217005.1	-5706.697404111841	109.01600956639231
61313	NP_217004.1	-5338.403223753138	321.65075373746186
61309	NP_216940.1	-6114.169607521019	-13.051155488669792
61307	NP_216883.1	-5642.965790204656	-529.9371204035551
61305	NP_216882.1	-4970.234833829987	-338.5286605207011
61303	NP_216853.1	-4841.714670397501	348.99348877399007
61301	NP_216824.1	-1557.68878619528	1932.6402263832815
61299	NP_216790.1	-5858.442951658816	397.6531931930449
61297	NP_216763.1	1267.703842133703	-2014.3530383765365
61295	NP_216762.1	1269.7982686585992	-1895.6867087911596
61293	NP_216761.1	1178.32704985884	-1820.0619738757896
61291	NP_216760.1	1062.1698791634653	-1844.4258014851612
61289	NP_216759.1	1008.7954752805645	-1950.4317324979038
61286	NP_216585.1	-935.1679505393722	-1642.9839904336077
61284	NP_216556.1	-315.1679505393722	-1394.9839904336077
61282	NP_216555.1	1179.8320494606278	-851.9839904336077
61279	NP_216506.1	-1091.1679505393722	-1672.9839904336077
61277	NP_216505.1	-1837.8184637164259	-2791.8225735168153
61275	NP_216501.1	-393.3591322359307	-1592.9839904336077
61273	NP_216460.1	-3953.4880113929876	-1872.1432147568548
61271	NP_216459.1	-3853.8757105689724	-1800.389694512587
61269	NP_216458.1	-3754.2634097449572	-1728.6361742683184
61267	NP_216409.1	-5917.742975588717	289.78685010094887
61265	NP_216408.1	-5774.180678333329	-269.3513813717891
61263	NP_216407.1	-5030.849749913224	-127.5534231510519
61261	NP_216328.1	-2690.167950539372	15.016009566392313
61259	NP_216235.1	-1127.1679505393722	-1590.9839904336077
61257	NP_216234.1	1058.3958529733836	-2058.2551387345056
61255	NP_216233.1	-5277.020860360022	-209.9361066902129
61253	NP_216232.1	-5277.020860360021	427.9681258229966
61251	NP_216230.1	-5673.802694710442	-13.748717219842547
61249	NP_216229.1	-5461.167950539372	354.5454631388611
61247	NP_216228.1	-5399.785587146255	2.698637480857542
61245	NP_216227.1	-6080.621230681242	-130.96146964120726
61243	NP_216226.1	-5522.463006971628	-552.4629945314873
61241	NP_216225.1	-4896.357785740191	-240.69963856059167
61239	NP_216224.1	-4896.35778574019	458.7316576933763
61237	NP_216197.1	-5642.965790204657	747.9691395363388
61235	NP_216196.1	-5948.354711529286	170.56201026942017
61233	NP_216195.1	-5670.2506641402615	-335.30737397274606
61231	NP_216194.1	-4985.536561956558	-13.105374642776951
61227	NP_216108.1	-878.1679505393722	-1227.9839904336077
61225	NP_216034.1	-1849.9846050997203	1375.8569644408572
61223	NP_215989.1	-176.1679505393722	-911.9839904336077
61221	NP_215988.1	-1776.8768489659933	2013.167413781911
61219	NP_215986.1	-1782.3483471024165	1868.9525787228076
61217	NP_215985.1	-1680.365252214663	1937.2945606959265
61215	NP_215974.1	-5338.403223753138	109.01600956639231
61213	NP_215973.1	-6025.978115338554	-240.69963856059258
61211	NP_215965.1	486.8320494606278	937.0160095663932
61209	NP_215963.1	-220.1679505393722	57.01600956639231
61207	NP_215950.1	-4970.234833829987	556.5606796534857
61205	NP_215949.1	-5757.2776660503605	703.6844829070915
61203	NP_215936.1	-499.1973541759344	588.938404032554
61201	NP_215871.1	-5553.183214099219	-373.34489427884273
61199	NP_215862.1	878.8320494606278	477.0160095663923
61197	NP_215861.1	865.8320494606278	413.0160095663923
61195	NP_215860.1	769.8320494606278	526.0160095663923
61193	NP_215846.2	1173.6209161759134	-2086.702796102146
61191	NP_215845.1	1145.5444691777811	-1952.8453128376004
61183	NP_215799.1	-3898.6848128790602	378.04251955687414
61181	NP_215798.1	-201.1679505393722	198.0160095663923
61179	NP_215797.1	-3370.167950539372	450.0160095663923
61177	NP_215796.1	-3906.6366141732983	500.54944588790113
61175	NP_215768.1	-993.1679505393722	-572.9839904336077
61173	NP_215767.1	-993.1679505393722	-536.9839904336077
61171	NP_215754.1	-1820.1679505393722	-2952.9839904336077
61169	NP_215716.1	-1953.4584694379337	-2824.9329963997234
61167	NP_215715.1	-4970.1090433944355	109.01600956639231
61163	NP_215664.1	-1806.8179044529452	1207.693376702403
61161	NP_215648.1	641.8320494606278	285.0160095663923
61159	NP_215647.1	512.8320494606278	-310.9839904336077
61157	NP_215646.1	441.8320494606278	-274.9839904336077
61155	NP_215632.1	-5583.932677325607	-103.61873460467723
61150	NP_215491.1	-1496.1679505393722	-361.9839904336077
61148	NP_215490.1	-5952.101067248756	-338.52866052070294
61146	NP_215489.1	-5399.872894107116	-552.4629945314873
61144	NP_215488.1	-4841.714670397502	-130.96146964120726
61142	NP_215454.1	-5060.830020399948	639.1491046444471
61140	NP_215453.1	-5861.5058806787965	639.1491046444471
61138	NP_215451.1	-2088.167950539372	2108.016009566393
61136	NP_215448.1	-2013.1679505393722	2021.0160095663932
61134	NP_215445.2	-1918.1679505393722	-433.9839904336077
61132	NP_215444.1	-5430.3341066402445	599.1059241298162
61130	NP_215382.1	-1941.1235361868721	-2649.518632705546
61128	NP_215354.1	-5645.315040718724	-209.936106690212
61126	NP_215337.1	-2018.1481928381754	1332.6902637940811
61124	NP_215336.1	-1974.9814921914003	1164.526676055627
61122	NP_215335.1	-1908.1679505393722	-366.9839904336077
61120	NP_215322.1	-5522.550313932489	215.33338165192708
61118	NP_215319.1	-2457.167950539372	1119.0160095663932
61116	NP_215318.1	-2492.167950539372	1326.0160095663932
61103	NP_215166.1	-298.1679505393722	-1155.9839904336077
61101	NP_215165.1	-275.1679505393722	-1322.9839904336077
61099	NP_215161.1	-5670.250664140262	553.3393931055307
61097	NP_215160.1	-5807.2512741008395	-16.948018785900786
61095	NP_215116.1	-117.16795053937221	263.0160095663923
61093	NP_215030.1	-5397.214337274748	471.7149737729196
61090	NP_215004.1	-5338.403223753138	-103.61873460467723
61080	NP_214831.1	-1770.5160495118334	-2692.126555196178
61078	NP_214826.1	-5165.058235028384	703.6844829070915
61076	NP_214806.1	-5.167950539372214	-1037.9839904336077
61074	NP_214805.1	433.8320494606278	-310.9839904336077
61072	NP_214804.1	399.8320494606278	-400.9839904336077
61070	NP_214803.1	85.83204946062779	-953.9839904336077
61068	NP_214802.1	458.8320494606278	-436.9839904336077
61066	NP_214801.1	466.8320494606278	-346.9839904336077
61064	NP_214798.1	367.8320494606278	-472.9839904336077
61062	NP_214797.1	550.8320494606278	-418.9839904336077
61060	NP_214796.1	370.8320494606278	-364.9839904336077
61058	NP_214785.1	-5248.533206368303	-13.748717219842547
61056	NP_214700.1	-1912.4830486455603	1270.191820248242
61054	NP_214699.1	-6125.480796121449	109.0160095663914
61052	NP_214698.1	-5861.505880678795	-421.1170855116643
61050	NP_214697.2	-5279.370110874087	-529.9371204035542
61048	NP_214617.1	-1783.0427744135004	-2572.493816407862
61046	NP_214615.1	1099.0886961786791	-718.144591772545
61044	NP_214614.1	1028.0991304360532	-814.4394166918473
61042	NP_214613.1	1045.9926507995651	-932.7273437155563
61040	NP_214612.1	1142.2874757188674	-1003.7169094581814
61038	NP_214611.1	1260.5754027425764	-985.8233890946703
61036	NP_214587.1	-3914.588415467537	623.0563722189281
61034	NP_214586.1	-5743.297660836215	345.7509454206256
61026	NP_215005.1	-5461.167950539372	109.01600956639231
61022	NP_217953.1	-1813.1262120063247	-874.9839904336077
61020	NP_217849.1	-958.1679505393722	-1425.9839904336077
61018	NP_217650.1	-1336.1679505393722	-188.9839904336077
61016	NP_217649.1	-1372.1679505393722	-2141.9839904336077
61014	NP_217648.1	-1350.1679505393722	-300.9839904336077
61006	NP_216515.1	-2035.2096890724197	-947.1432863402706
61004	NP_216514.1	-1897.9545519058147	-991.7401838148498
61002	NP_216208.1	-992.1679505393722	-2477.9839904336077
61000	NP_216207.1	-1028.1679505393722	-2530.9839904336077
60998	NP_215805.1	-3299.167950539372	692.0160095663923
60996	NP_215804.1	-3289.167950539372	778.0160095663932
60994	NP_215803.1	-2509.167950539372	724.5160095663923
60992	NP_215802.1	-2332.167950539372	1072.0160095663932
60990	NP_215801.1	-2335.167950539372	1147.0160095663932
60988	NP_215800.1	-3040.167950539372	1013.0160095663932
60984	NP_215563.1	-1897.9545519058147	-758.2277970523655
60982	NP_215534.1	-2035.2096890724197	-802.8246945269448
60980	NP_215001.1	-1106.1679505393722	-958.9839904336077
60978	NP_215000.1	-930.1679505393722	-693.9839904336077
60976	NP_214999.1	-1935.8909387925587	-874.9839904336077
60974	YP_177728.1	264.8320494606278	-43.98399043360769
60972	NP_216815.1	-750.1679505393722	1655.0160095663932
60970	NP_214982.1	-312.1679505393722	818.0160095663932
60967	NP_214978.1	-722.1679505393722	1444.0160095663932
60966	NP_214979.1	-668.1679505393722	1191.0160095663932
60964	YP_177940.1	-583.1679505393722	117.01600956639231
60962	NP_218069.1	339.8320494606278	-292.9839904336077
60960	NP_218068.1	245.8320494606278	-358.9839904336077
60958	NP_218067.1	187.8320494606278	-214.9839904336077
60956	NP_218062.1	1955.8320494606278	962.0160095663932
60954	NP_218061.1	1737.8320494606278	1064.0160095663932
60952	NP_218060.1	1699.8320494606278	1123.0160095663932
60950	NP_218022.1	1343.8320494606278	-387.9839904336077
60948	NP_218021.1	1391.8320494606278	-423.9839904336077
60925	NP_215065.1	2113.832049460628	730.0160095663923
60923	NP_214954.1	-495.1679505393722	89.01600956639231
60921	NP_214758.1	355.8320494606278	228.0160095663923
60920	NP_214959.1	627.8320494606278	573.0160095663923
60918	YP_177719.1	-1011.1679505393722	956.0160095663932
60916	NP_214899.1	91.83204946062779	1203.0160095663932
60914	NP_214898.1	-16.167950539372214	1302.0160095663932
60911	NP_214865.1	-624.1679505393722	459.0160095663923
60909	NP_214864.1	-712.1679505393722	754.0160095663932
60907	NP_214767.1	719.8320494606278	-586.9839904336077
60905	NP_214766.1	805.8320494606278	-582.9839904336077
60903	NP_214765.1	-140.1679505393722	2026.0160095663932
60901	NP_214764.1	-515.1679505393722	2173.016009566393
60900	NP_214867.1	-312.1679505393722	661.0160095663923
60898	YP_177976.1	-738.1679505393722	320.0160095663923
60896	YP_177975.1	-624.1679505393722	405.0160095663923
60894	YP_177948.1	148.8320494606278	-250.9839904336077
60892	YP_177935.1	-2677.167950539372	1379.0160095663932
60890	YP_177934.1	-2568.167950539372	1317.0160095663932
60888	YP_177921.1	246.8320494606278	-286.9839904336077
60886	YP_177848.1	750.8320494606278	-1387.9839904336077
60884	YP_177824.1	-1136.2055118112485	2070.7430625203333
60882	YP_177795.1	-512.1679505393722	495.0160095663923
60880	YP_177794.1	-312.1679505393722	618.0160095663923
60878	YP_177758.1	-3281.6136185936502	-972.0134440060756
60876	YP_177747.1	719.7421100405836	2557.1378909440527
60874	YP_177746.1	373.7049939081944	4360.860862090373
60872	YP_177729.1	-1801.1679505393722	928.0160095663932
60870	YP_177701.1	139.8320494606278	-358.9839904336077
60868	YP_177694.1	-592.1679505393722	273.0160095663923
60866	YP_177688.1	550.8320494606278	-454.9839904336077
60864	NP_218441.1	-1488.1679505393722	-571.9839904336077
60862	NP_218440.3	-1581.1679505393722	-613.9839904336077
60860	NP_218439.1	-1685.1679505393722	-675.9839904336077
60858	NP_218438.1	-1609.1679505393722	-709.9839904336077
60856	NP_218437.1	-1558.1679505393722	-473.9839904336077
60854	NP_218436.2	-1765.1679505393722	-615.9839904336077
60852	NP_218434.2	-1652.1679505393722	-559.9839904336077
60850	NP_218371.1	-2641.167950539372	-1467.9839904336077
60848	NP_218360.1	-987.1679505393722	-2203.9839904336077
60846	NP_218359.1	-1647.1679505393722	-795.9839904336077
60844	NP_218358.1	591.8320494606278	-1427.9839904336077
60842	NP_218342.1	-814.1679505393722	331.0160095663923
60840	NP_218341.1	-516.1679505393722	273.0160095663923
60838	NP_218340.1	-207.71460563456276	-2070.199192711262
60836	NP_218339.1	-985.1679505393722	992.0160095663932
60834	NP_218326.1	-3404.378345379884	-726.4839904336077
60832	NP_218325.1	-3220.231255200533	-832.8013625191425
60830	NP_218324.1	-3351.498587546638	-240.42335491493122
60828	NP_218323.1	-3603.1888149369533	-1097.6015504912602
60826	NP_218322.1	-2790.554711448713	-726.4839904336077
60824	NP_218300.1	528.3724742250424	-166.61017285976413
60822	NP_218280.1	-3465.760708773002	-1045.436106690211
60820	NP_218203.1	-542.6263616682136	-1981.9165657602016
60818	NP_218197.1	-2999.4839082968074	-489.7490545793735
60816	NP_218192.1	-3404.378345379884	-513.8492462625381
60814	NP_218120.1	-482.0273641075255	-331.110585919766
60812	NP_218119.1	-506.76183083823344	-188.92738684712913
60810	NP_218118.1	-649.6294593905459	-168.51423778041408
60808	NP_218117.1	-609.608251526658	-398.57148650913314
60806	NP_218004.3	-239.3188797172852	-1954.1385151048498
60804	NP_217979.1	447.3911331582931	4227.751316790028
60802	NP_217978.1	690.9639435584932	4196.81592273494
60800	NP_217977.1	521.6797543222374	4325.487589015128
60798	NP_217976.1	203.81832275809393	4258.686710845116
60796	NP_217975.1	711.6708904668576	3872.6717120045514
60794	NP_217974.1	934.5367539586914	4165.88052867985
60792	NP_217973.1	792.0434018502265	4505.492436437781
60790	NP_217972.3	538.2421443033036	3968.7108093622837
60788	NP_217896.1	-2999.4839082968083	-963.2189262878419
60786	NP_217895.1	-3097.4665284142984	-407.5318741770034
60784	NP_217894.1	-3494.24836276472	-603.7192636473737
60782	NP_217747.1	-234.1679505393722	-50.98399043360769
60780	NP_217674.1	-2126.167950539372	1506.0160095663932
60778	NP_217673.1	-2430.167950539372	1584.0160095663932
60776	NP_217672.1	-2316.167950539372	1486.0160095663932
60774	NP_217671.1	-2497.167950539372	1237.0160095663932
60772	NP_217670.1	-2391.167950539372	1369.0160095663932
60770	NP_217669.1	-2394.167950539372	1469.0160095663932
60768	NP_217668.1	-2316.167950539372	1417.0160095663932
60766	NP_217667.1	-2956.167950539372	985.0160095663932
60764	NP_217666.1	-1870.1679505393722	1003.0160095663932
60762	NP_217665.1	-2181.167950539372	1143.0160095663932
60760	NP_217664.1	-1920.1679505393722	1039.0160095663932
60758	NP_217663.1	-2018.1679505393722	1032.0160095663932
60756	NP_217662.1	-2187.167950539372	1106.0160095663932
60754	NP_217661.1	-2221.167950539372	1188.0160095663932
60752	NP_217656.1	269.8320494606278	332.0160095663923
60750	NP_217655.1	181.8320494606278	288.0160095663923
60748	NP_217647.3	-1912.7099554680926	-1529.2453779193083
60746	NP_217646.1	636.8320494606278	-799.9839904336077
60744	NP_217643.1	-2951.167950539372	477.0160095663923
60742	NP_217569.1	264.8320494606278	-79.98399043360769
60740	NP_217568.1	175.8320494606278	-142.9839904336077
60738	NP_217563.1	-3342.995981986767	-832.8013625191425
60736	NP_217502.1	-122.16795053937221	-1250.9839904336077
60734	NP_217476.1	-3603.188814936953	-355.3664303759542
60732	NP_217475.1	-3351.498587546638	-1212.5446259522842
60730	NP_217474.1	-2868.508578129753	-460.9975014559168
60728	NP_217466.3	426.6841862499268	4551.895527520414
60726	NP_217465.1	664.1731064307032	3985.8756812571964
60724	NP_217464.1	812.7503487585909	4181.348225707393
60722	NP_217463.1	717.7547806862813	4407.756164212681
60720	NP_217462.1	600.1129324134827	4455.856430162682
60718	NP_217461.1	474.1819702860821	4438.691558267769
60716	NP_217445.1	638.5559306937685	-32.438781697557715
60714	NP_217444.1	504.38453953156204	77.74467477116832
60712	NP_217362.1	-592.2437897720456	-277.0410227937691
60710	NP_217356.3	-3281.61361859365	-480.9545368611389
60708	NP_217296.1	-2679.167950539372	1251.0160095663932
60706	NP_217146.1	-2607.167950539372	446.0160095663923
60704	NP_217145.1	-1731.1679505393722	-206.9839904336077
60702	NP_217144.1	-2808.167950539372	639.0160095663923
60700	NP_217143.1	-1472.1679505393722	-473.9839904336077
60698	NP_217142.1	-1790.1679505393722	-484.9839904336077
60696	NP_217141.1	-1745.1679505393722	-431.9839904336077
60694	NP_217140.1	-1367.1679505393722	-501.9839904336077
60692	NP_217139.1	-1694.1679505393722	-523.9839904336077
60690	NP_217074.1	-3217.6600053290254	-363.7850262270804
60688	NP_217073.1	-3527.1430721661186	-726.4839904336077
60686	NP_217013.1	-717.5878049349512	-3460.05856786968
60684	NP_217012.1	-736.7081740164585	-3338.791962288895
60682	NP_217011.1	-851.2883196208795	-3294.7173848528228
60680	NP_216958.1	325.6047279581935	4243.219013817573
60678	NP_216957.1	342.7695998531053	4117.288051690172
60676	NP_216910.1	-2409.167950539372	1264.0160095663932
60674	NP_216909.1	-2349.167950539372	1108.0160095663932
60672	NP_216908.1	-2232.167950539372	1224.0160095663932
60670	NP_216907.1	-3193.167950539372	991.0160095663932
60668	NP_216712.1	72.83204946062779	-1217.9839904336077
60666	NP_216711.1	-46.167950539372214	-1267.9839904336077
60664	NP_216710.1	-2.167950539372214	-1139.9839904336077
60662	NP_216709.1	149.8320494606278	-1121.9839904336077
60660	NP_216706.1	-2935.530295032183	-852.4480187859026
60658	NP_216666.1	188.8320494606278	-70.98399043360769
60656	NP_216665.1	-3494.2483627647193	-849.2487172198416
60654	NP_216664.1	-3158.848891807416	-939.1187346046772
60652	NP_216663.1	-3036.0841650211814	-726.4839904336077
60650	NP_216596.1	-946.7480961437932	-3371.9094129975356
60648	NP_216584.1	-1006.1679505393722	-686.9839904336077
60646	NP_216583.1	-741.1679505393722	-672.9839904336077
60644	NP_216548.1	-1506.1679505393722	-509.9839904336077
60642	NP_216547.1	-534.1679505393722	9.016009566392313
60640	NP_216546.1	-586.1679505393722	-26.983990433607687
60638	NP_216545.1	-425.1679505393722	44.01600956639231
60636	NP_216544.1	-506.1679505393722	-62.98399043360769
60634	NP_216513.1	-2059.4216323420787	-1726.1219799836927
60632	NP_216512.1	76.83204946062779	-502.9839904336077
60630	NP_216473.1	-504.1679505393722	-26.983990433607687
60628	NP_216472.1	50.832049460627786	368.0160095663923
60626	NP_216471.2	-611.1679505393722	9.016009566392313
60624	NP_216410.1	1775.8320494606278	1123.0160095663932
60622	NP_216402.1	-312.1679505393722	710.0160095663923
60620	NP_216401.1	-436.1679505393722	1278.0160095663932
60618	NP_216400.1	-312.1679505393722	874.0160095663932
60616	NP_216399.1	-387.1679505393722	1222.0160095663932
60614	NP_216398.1	-341.1679505393722	1180.0160095663932
60612	NP_216397.1	-454.1679505393722	1127.0160095663932
60610	NP_216362.1	-30.167950539372214	-1211.9839904336077
60608	NP_216361.1	699.8320494606278	-1524.9839904336077
60606	NP_216359.1	580.8320494606278	-1573.9839904336077
60604	NP_216342.1	-37.167950539372214	-540.9839904336077
60602	NP_216329.1	-1582.1679505393722	-516.9839904336077
60600	NP_216326.1	-793.9272123763567	-3658.517201595178
60598	NP_216310.1	-3345.5672318582756	-1089.182954640134
60596	NP_216254.1	696.8320494606278	-748.9839904336077
60594	NP_216253.1	-808.1679505393722	-1359.9839904336077
60592	NP_216252.1	-1627.1679505393722	-434.9839904336077
60590	NP_216249.1	-1986.0657939050861	-1627.683678951501
60588	NP_216160.1	-120.16795053937221	112.01600956639231
60586	NP_216159.1	-548.1679505393722	373.0160095663923
60584	NP_216158.1	-209.1679505393722	162.0160095663923
60582	NP_216157.1	-135.1679505393722	24.016009566392313
60580	NP_216138.1	-1132.8370774619352	1951.1568367223763
60578	NP_216137.1	-2595.167950539372	410.0160095663923
60576	NP_216130.1	-3158.848891807416	-726.4839904336077
60574	NP_216129.1	-3752.781189630031	-588.1367089639061
60572	NP_216128.1	-3077.6203762973446	-1173.1668839764661
60570	NP_216127.1	-3077.6203762973437	-279.80109689074925
60568	NP_216126.1	-3649.9077989523526	-726.4839904336068
60566	NP_216125.1	-3217.6600053290267	-1089.182954640135
60564	NP_216093.1	-2913.3194382349475	-726.4839904336077
60562	NP_216092.1	-3345.5672318582747	-363.7850262270804
60560	NP_216051.1	1475.4045422940435	335.7567073826003
60551	NP_215857.1	-3158.848891807416	-513.8492462625381
60549	NP_215856.1	-3220.231255200533	-620.1666183480729
60547	NP_215855.1	-3342.995981986767	-620.1666183480729
60545	NP_215854.1	741.8320494606278	625.0160095663923
60543	NP_215853.1	1411.7382187975145	440.7223083923318
60541	NP_215852.1	1370.438941284313	272.0903838860713
60539	NP_215851.1	1539.0708657905725	230.79110637286976
60537	NP_215850.1	1580.370143303775	399.4230308791293
60535	NP_215849.1	-3627.6969421551175	-852.4480187858999
60533	NP_215848.1	-3097.4665284143	-1045.436106690213
60531	NP_215847.1	-2935.5302950321825	-600.5199620813146
60529	NP_215828.1	-776.1679505393722	458.0160095663923
60527	NP_215827.1	-852.1679505393722	385.0160095663923
60525	NP_215826.1	-700.1679505393722	392.0160095663923
60523	NP_215825.1	-1087.1679505393722	961.0160095663932
60521	NP_215824.1	-700.1679505393722	468.0160095663923
60519	NP_215823.1	-312.1679505393722	582.0160095663923
60517	NP_215822.1	-512.1679505393722	531.0160095663923
60515	NP_215821.1	-223.1679505393722	305.0160095663923
60513	NP_215820.1	-662.1679505393722	352.0160095663923
60511	NP_215819.1	-776.1679505393722	409.0160095663923
60509	NP_215817.1	-3752.781189630031	-864.8312719033083
60507	NP_215816.1	-2868.508578129753	-991.9704794112995
60505	NP_215815.1	-3563.7433288904926	-489.7490545793735
60503	NP_215814.1	-3563.743328890493	-963.218926287841
60501	NP_215813.1	764.6500828085918	4063.7063774345943
60499	NP_215714.1	-312.1679505393722	782.0160095663932
60497	NP_215713.1	-550.1679505393722	891.0160095663932
60495	NP_215701.1	-1262.1679505393722	-1142.9839904336077
60493	NP_215700.1	-1369.1679505393722	-1172.9839904336077
60491	NP_215699.1	-483.22975538655464	-2200.0392903805177
60489	NP_215698.1	-366.9161231576045	-2230.6995249599195
60487	NP_215697.1	-258.10669263190994	-2179.4216656497892
60485	NP_215696.1	-382.9537881810347	-2055.5848686083236
60483	NP_215503.1	-1045.8950034933123	1868.9784482945151
60481	NP_215502.1	-990.1679505393722	2015.0160095663932
60479	NP_215501.1	-844.130389267495	1959.2889566124513
60477	NP_215485.1	-2303.167950539372	1360.0160095663932
60474	NP_215483.1	-2340.167950539372	1183.0160095663932
60472	NP_215482.1	-2195.167950539372	1350.0160095663932
60470	NP_215401.1	-641.2483974935449	-3261.599934144183
60468	NP_215400.1	-1061.3282417482142	-3327.8348355614635
60466	NP_215338.1	180.8320494606278	-1264.9839904336077
60464	NP_215320.1	-813.0475814578649	-3537.2505960143926
60462	NP_215238.1	646.8658149893581	2460.852477545107
60460	NP_215237.1	722.1051252173229	2677.8700381670415
60458	NP_215236.1	653.0522690379958	2776.9333425096493
60456	NP_215235.1	538.9593855428448	2816.4889887508734
60454	NP_215234.1	423.4060783525365	2781.4280644735345
60452	NP_215233.1	350.5297833013119	2685.1426510745887
60450	NP_215232.1	348.1667681245717	2564.4105038516
60448	NP_215230.1	535.1359466709473	2621.1402710093216
60446	NP_215229.1	417.21962430389885	2465.347199508994
60444	NP_215228.1	531.3125077990508	2425.79155326777
60442	NP_215224.1	-548.1679505393722	189.0160095663923
60440	NP_215223.1	-437.1679505393722	251.0160095663923
60438	NP_215222.1	-559.1679505393722	153.0160095663923
60436	NP_215221.1	-361.1679505393722	246.0160095663923
60434	NP_215220.1	-299.1679505393722	200.0160095663923
60432	NP_215219.1	-890.1679505393722	314.0160095663923
60430	NP_215218.1	-776.1679505393722	367.0160095663923
60428	NP_215217.1	-334.1679505393722	105.01600956639231
60426	NP_215216.1	-329.1679505393722	284.0160095663923
60424	NP_215215.1	-375.1679505393722	180.0160095663923
60422	NP_215214.1	-457.1679505393722	161.0160095663923
60420	NP_215199.1	494.88891719444837	4114.547347537385
60418	NP_215197.1	643.4661595223379	4310.019891987581
60416	NP_215196.1	569.1775383583927	4212.283619762483
60414	NP_215191.1	-338.13152379439	-1885.5457137533458
60412	NP_215190.1	-457.91700352198586	-1896.516122733191
60410	NP_215182.1	-146.1679505393722	-1322.9839904336077
60408	NP_215181.1	-177.1679505393722	-1358.9839904336077
60406	NP_215158.1	-603.0076593305293	-3504.133145305753
60404	NP_215157.1	-870.4086887023868	-3173.450779272038
60402	NP_215156.1	-1023.0875035851996	-3570.368046723033
60400	NP_215151.1	-3465.760708773001	-407.5318741770034
60398	NP_215150.1	-3404.378345379884	-939.1187346046772
60396	NP_215149.1	-3068.9788744225807	-849.2487172198425
60394	NP_215086.1	-1238.1679505393722	-1920.9839904336077
60392	NP_215084.1	-1609.1679505393722	-377.9839904336077
60390	NP_215083.1	-1401.1679505393722	-571.9839904336077
60388	NP_215025.2	-634.1679505393722	-678.9839904336077
60386	NP_214948.1	-926.3087776953553	1872.3468826438284
60384	NP_214947.1	166.8320494606278	-106.98399043360769
60382	NP_214946.1	-847.4988236168092	2078.8751824104083
60380	NP_214945.1	-934.4408975854312	2161.0535708382695
60378	NP_214944.1	-1054.0271233833892	2157.6851364889562
60376	NP_214878.1	-3627.696942155117	-600.5199620813137
60374	NP_214863.1	420.60029603050407	4016.8110753122846
60371	NP_214861.1	795.58547686368	4307.279187834793
60369	NP_214857.1	-2634.167950539372	1497.0160095663932
60367	NP_214856.1	-2509.167950539372	1437.0160095663932
60365	NP_214855.1	-552.6231481168033	-2101.787226421836
60363	NP_214790.1	-3068.9788744225802	-603.7192636473737
60361	NP_214763.1	-927.6277270622859	-3493.1760185783205
60359	NP_214747.1	394.201083062836	-56.4267163910381
60357	NP_214746.1	516.3785068783018	-44.43274904429836
60355	NP_214725.1	616.675322394548	4099.079650509838
60353	NP_214702.1	-832.1679505393722	-3415.9839904336077
60351	NP_214692.1	317.8320494606278	-400.9839904336077
60349	NP_214691.1	264.8320494606278	-115.98399043360769
60347	NP_214690.1	338.8320494606278	-328.9839904336077
60345	NP_214689.3	370.8320494606278	-436.9839904336077
60343	NP_214688.1	164.8320494606278	-466.9839904336077
60341	NP_214687.1	178.8320494606278	-430.9839904336077
60339	NP_214686.1	-138.1679505393722	-717.9839904336077
60337	NP_214685.1	288.8320494606278	-454.9839904336077
60335	NP_214684.1	133.8320494606278	-322.9839904336077
60333	NP_214682.1	237.8320494606278	-322.9839904336077
60331	NP_214681.1	-301.1679505393722	-668.9839904336077
60329	NP_214680.1	-713.1920429972624	-298.08141691240235
60327	NP_214663.1	-548.777128460195	-899.5307181302605
60325	NP_214662.1	-453.4187023492914	-1044.6138903296887
60323	NP_214661.1	-308.3355301498632	-949.2554642187852
60321	NP_214660.1	-428.55632930502907	-924.3930911745229
60319	NP_214659.1	-403.69395626076675	-804.1722920193579
60317	NP_214622.1	346.31167486655886	3919.0748030871846
60315	NP_214602.1	-1432.1679505393722	-607.9839904336077
60313	NP_214601.1	-790.1679505393722	-1323.9839904336077
60311	NP_214600.1	-656.1679505393722	-1366.9839904336077
60309	NP_214599.1	-1493.1679505393722	-399.9839904336077
60307	NP_214598.1	-446.1679505393722	-1209.9839904336077
60305	NP_214597.1	-665.1679505393722	-1293.9839904336077
60303	NP_214596.2	-1318.1679505393722	-550.9839904336077
60301	NP_214595.1	-1691.1679505393722	-487.9839904336077
60299	NP_214594.1	-1564.1679505393722	-577.9839904336077
60297	NP_214593.1	-1469.1679505393722	-649.9839904336077
60295	NP_214574.1	589.8320494606278	755.0160095663932
60293	NP_214573.1	627.8320494606278	719.0160095663923
60291	NP_214572.1	665.8320494606278	757.0160095663932
60289	NP_214571.1	486.8320494606278	837.0160095663932
60287	NP_214570.1	622.8320494606278	-607.9839904336077
60285	NP_214568.1	741.8320494606278	664.0160095663923
60283	NP_214567.1	584.8320494606278	-652.9839904336077
60281	NP_214521.1	-521.1679505393722	-2449.9839904336077
60279	NP_214520.1	-536.1679505393722	-2356.9839904336077
60277	NP_214519.2	-408.1679505393722	-2377.9839904336077
60276	NP_214862.1	-3281.61361859365	-726.4839904336077
60274	NP_216038.1	-2334.167950539372	1789.0160095663932
60272	NP_214778.1	-1664.1679505393722	2348.016009566393
60270	NP_214777.1	-1801.1679505393722	892.0160095663932
60268	NP_214776.1	-1832.1679505393722	2371.016009566393
60267	NP_214816.1	-2003.1679505393722	1966.0160095663932
60265	NP_215982.1	-343.1679505393722	-374.9839904336077
60263	NP_215981.1	-220.1679505393722	-523.9839904336077
60261	NP_215980.1	144.8320494606278	-286.9839904336077
60259	NP_215979.1	199.8320494606278	-394.9839904336077
60257	NP_215978.1	-343.1679505393722	-284.9839904336077
60255	NP_215977.1	-323.1679505393722	-494.9839904336077
60253	NP_215976.2	-206.1679505393722	-487.9839904336077
60252	NP_214774.1	-126.16795053937221	-490.9839904336077
60250	NP_216113.1	-2940.5944054496968	709.5160095663923
60248	NP_216112.1	-890.1679505393722	-1892.9839904336077
60246	NP_216111.1	-3124.741495629048	815.8333816519271
60244	NP_216110.1	-3124.741495629048	603.1986374808575
60242	NP_215088.1	-1345.1679505393722	-372.9839904336077
60240	NP_215087.1	-1454.1679505393722	-325.9839904336077
60239	NP_214726.1	-3063.359132235931	709.5160095663923
60237	NP_214711.1	-4867.480796121449	5479.208698139465
60235	NP_214710.1	-4906.480796121449	5375.208698139465
60233	NP_215484.3	-2260.167950539372	1304.0160095663932
60232	NP_214704.1	-2285.167950539372	1268.0160095663932
60230	NP_214658.1	-1480.4326773256062	-911.4839904336077
60228	YP_177986.1	351.8320494606278	1507.0160095663932
60226	YP_177734.1	-162.1679505393722	-1394.9839904336077
60224	NP_218431.1	1518.8320494606278	-795.9839904336077
60222	NP_218430.1	1519.8320494606278	782.0160095663932
60220	NP_218376.1	395.8320494606278	-1233.9839904336077
60218	NP_218375.1	484.8320494606278	-1259.9839904336077
60216	NP_218054.1	337.8320494606278	1426.0160095663932
60214	NP_217455.1	-632.1679505393722	1326.0160095663932
60212	NP_217454.1	-789.1679505393722	1253.0160095663932
60210	NP_217453.1	-936.1679505393722	1089.0160095663932
60208	NP_217452.1	-1125.1679505393722	1162.0160095663932
60206	NP_217451.1	-929.1679505393722	1125.0160095663932
60204	NP_217450.1	-1040.1679505393722	1155.0160095663932
60202	NP_217449.1	-692.1679505393722	1287.0160095663932
60200	NP_217448.1	-537.1679505393722	1248.0160095663932
60198	NP_217447.1	-475.1679505393722	1461.0160095663932
60196	NP_217446.2	-702.1679505393722	1233.0160095663932
60194	NP_217105.1	-13.167950539372214	-1572.9839904336077
60192	NP_216945.1	811.8320494606278	368.0160095663923
60190	NP_216944.1	763.8320494606278	478.0160095663923
60188	NP_216428.1	917.8320494606278	538.0160095663923
60186	NP_216427.1	898.8320494606278	370.0160095663923
60184	NP_216426.1	703.8320494606278	569.0160095663923
60182	NP_216425.2	321.8320494606278	192.0160095663923
60180	NP_216424.1	999.8320494606278	105.01600956639231
60178	NP_216423.1	769.8320494606278	442.0160095663923
60176	NP_215283.1	-265.1679505393722	-1358.9839904336077
60174	NP_215282.1	-110.16795053937221	-1592.9839904336077
60172	NP_214631.1	720.8320494606278	403.0160095663923
60170	YP_177970.1	-1172.1679505393722	-1221.9839904336077
60168	NP_217928.1	-791.1679505393722	-1457.9839904336077
60166	NP_217914.1	-672.1679505393722	-572.9839904336077
60164	NP_217913.1	-687.1679505393722	-1423.9839904336077
60162	NP_214518.1	1069.8320494606278	-2247.9839904336077
60160	NP_214517.1	1156.8320494606278	-2300.9839904336077
60158	NP_214516.1	1167.8320494606278	-2202.9839904336077
60156	NP_214515.1	138.8320494606278	-1572.9839904336077
